StockID,NewsID,Title,Summary,Source,PubDate,URL
GSTK532454,2608138252849,"Airtel discontinues several prepaid plans, including INR 299, raising tariffs by 3-4%.
Analysts predict ARPU growth in upcoming quarters from tariff rationalisation.","Airtel discontinues several prepaid plans, including INR 299, raising tariffs by 3-4%.
Analysts predict ARPU growth in upcoming quarters from tariff rationalisation.",The Economic Times,2026-08-13T17:27:59,https://brandequity.economictimes.indiatimes.com/news/business-of-brands/airtel-rationalises-prepaid-portfolio-move-seen-lifting-tariffs-by-3-4/133210773
GSTK532454,863405,"Bharti Airtel raises tariffs; ₹299 plan now ₹349, reflecting a 16% hike.
Other mobile plans see 5-16% tariff increases as per reports.","Bharti Airtel raises tariffs; ₹299 plan now ₹349, reflecting a 16% hike.
Other mobile plans see 5-16% tariff increases as per reports.",CNBC-AWAAZ,2026-08-12T15:34:20,https://x.com/CNBC_Awaaz/status/2087480294324818416
GSTK532454,861771,"Bharti Airtel had an NSE block trade of ~1.48M shares at Rs. 1905.
The total trade value for Bharti Airtel was approximately Rs. 281.4 crore.","Bharti Airtel had an NSE block trade of ~1.48M shares at Rs. 1905.
The total trade value for Bharti Airtel was approximately Rs. 281.4 crore.",Livesquawk,2026-08-12T11:01:18,
GSTK532454,858144,Bharti Airtel sees 31.1 Lakh shares traded via block deal.,Bharti Airtel sees 31.1 Lakh shares traded via block deal.,ET NOW,2026-08-11T14:55:36,https://x.com/ETNOWlive/status/2087108159479619884
GSTK532454,856803,"Sensex drops over 250 points; Nifty slips below 24,550 levels.
Airtel and IndiGo emerge as top drags in today's market session.","Sensex drops over 250 points; Nifty slips below 24,550 levels.
Airtel and IndiGo emerge as top drags in today's market session.",The Economic Times,2026-08-11T09:18:16,https://x.com/ETMarkets/status/2087023268817695217
GSTK532454,874647453508757888,"Bharti Airtel's consolidated revenue rose 5.7% QoQ to Rs.58,500 Cr.
Africa business grew 5.7% in constant currency; capex at Rs.13,390 Cr focused on digital.","Bharti Airtel's consolidated revenue rose 5.7% QoQ to Rs.58,500 Cr.
Africa business grew 5.7% in constant currency; capex at Rs.13,390 Cr focused on digital.",ScoutQuest,2026-08-10T19:06:43,https://sqst.in/sQq6V
GSTK532454,853503,"ITI shares rise 4.75% to ₹295.80 on NSE after partnership with Airtel Business for enterprise digital solutions.
Collaboration covers AI, IoT, cybersecurity, 4G/5G networks, targeting regulated sectors and defense under Atmanirbhar Bharat.","ITI shares rise 4.75% to ₹295.80 on NSE after partnership with Airtel Business for enterprise digital solutions.
Collaboration covers AI, IoT, cybersecurity, 4G/5G networks, targeting regulated sectors and defense under Atmanirbhar Bharat.",CNBC TV 18,2026-08-10T13:41:48,https://www.cnbctv18.com/market/iti-share-price-airtel-business-strategic-partnership-19965538.htm
GSTK532454,850015,Supreme Court seeks responses from Airtel and Vi on government's plea regarding spectrum fees.,Supreme Court seeks responses from Airtel and Vi on government's plea regarding spectrum fees.,Financial Express,2026-08-08T07:37:09,https://t.co/BDHUGOy0vH
GSTK532454,873504812603942784,"Supreme Court denies stay on HC's spectrum charge ruling for Airtel, Vi.","Supreme Court denies stay on HC's spectrum charge ruling for Airtel, Vi.",ScoutQuest,2026-08-07T15:26:16,https://sqst.in/RN6Nn
GSTK532454,873473166588650112,"Bharti Airtel faces Rs.1L penalty from J&K DoT over subscriber verification lapses.
The company contests the penalty tied to Q4 2025-26 CAF audit issues.","Bharti Airtel faces Rs.1L penalty from J&K DoT over subscriber verification lapses.
The company contests the penalty tied to Q4 2025-26 CAF audit issues.",ScoutQuest,2026-08-07T13:20:31,https://sqst.in/hLiMz
GSTK500325,2608159549541,"SC fines Reliance Industries Rs 10 lakh for delaying NTPC's gas supply suit.
The suit, related to a 2005 contract, faced decades-long delays due to litigation.","SC fines Reliance Industries Rs 10 lakh for delaying NTPC's gas supply suit.
The suit, related to a 2005 contract, faced decades-long delays due to litigation.",The Economic Times,2026-08-15T08:26:58,https://cfo.economictimes.indiatimes.com/news/governance-risk-compliance/sc-slaps-rs-10-lakh-fine-on-reliance-industries-for-delaying-ntpc-gas-supply-suit/133254652
GSTK500325,875898586663436800,"Reliance New Energy gets extension till 2031 for its project.
Rajesh Exports denied extension due to Sebi governance probe.","Reliance New Energy gets extension till 2031 for its project.
Rajesh Exports denied extension due to Sebi governance probe.",ScoutQuest,2026-08-14T05:58:16,https://sqst.in/6ZQre
GSTK500325,862999,"Sensex fell 605.3 points to 77,548.96, Nifty 50 dropped 186.6 to 24,284.5, led by IT stock selloff.
TCS, HDFC Bank, Infosys, Reliance fell; Nifty IT dropped 2%; PSU Bank, Metal indices gained slightly.","Sensex fell 605.3 points to 77,548.96, Nifty 50 dropped 186.6 to 24,284.5, led by IT stock selloff.
TCS, HDFC Bank, Infosys, Reliance fell; Nifty IT dropped 2%; PSU Bank, Metal indices gained slightly.",NDTV Profit,2026-08-12T13:27:12,https://www.ndtvprofit.com/markets/stock-market-crash-sensex-tanks-over-600-points-nifty-50-slips-below-24-300-five-key-reasons-explained-11898802#publisher=newsstand
GSTK500325,857086,"Retail investors invested Rs 17,914 crore in Infosys, Reliance, TCS, Wipro, HCL Tech, and ITC despite June quarter declines.
All six stocks saw declines during the period, yet retail investors took a contrarian approach to accumulate shares.","Retail investors invested Rs 17,914 crore in Infosys, Reliance, TCS, Wipro, HCL Tech, and ITC despite June quarter declines.
All six stocks saw declines during the period, yet retail investors took a contrarian approach to accumulate shares.",The Economic Times,2026-08-11T10:35:00,https://economictimes.indiatimes.com/markets/stocks/news/retail-investors-make-rs-18000-crore-bold-contra-bet-on-6-falling-bluechip-stocks-will-it-pay-off/articleshow/133142033.cms?utm_source=contentofinterest&utm_medium=text&utm_campaign=cppst
GSTK500325,852643,"DII equity inflows surpassed Rs 5 trillion for the 3rd straight year in CY26, totaling Rs 19.2 trillion since Aug'23.
Top DII holdings in June'26 include HDFC Bank, ICICI Bank, Reliance Industries, ITC, and SBI, contributing 20% overall.","DII equity inflows surpassed Rs 5 trillion for the 3rd straight year in CY26, totaling Rs 19.2 trillion since Aug'23.
Top DII holdings in June'26 include HDFC Bank, ICICI Bank, Reliance Industries, ITC, and SBI, contributing 20% overall.",Business Standard,2026-08-10T10:02:42,https://www.business-standard.com/markets/news/dii-equity-inflows-top-rs-5-trillion-for-third-straight-calendar-year-126081000202_1.html
GSTK500325,851645,"SBI led gains in top-10 firms, adding ₹63,922.03cr to valuation.
Reliance, TCS, and L&T also posted valuation increases; LIC saw steepest decline.","SBI led gains in top-10 firms, adding ₹63,922.03cr to valuation.
Reliance, TCS, and L&T also posted valuation increases; LIC saw steepest decline.",Business Standard,2026-08-09T10:19:44,https://www.business-standard.com/markets/news/mcap-of-4-of-top-10-most-valued-firms-jumps-1-43-trn-sbi-biggest-winner-126080900106_1.html
GSTK500325,2608084841827,"Adani, Reliance developing world's largest renewable energy projects in Kutch near Pak border.
MHA restricts renewable projects within 1 km of border, mandates security clearance for 50 km zone.","Adani, Reliance developing world's largest renewable energy projects in Kutch near Pak border.
MHA restricts renewable projects within 1 km of border, mandates security clearance for 50 km zone.",Business Today,2026-08-08T12:00:00,https://www.businesstoday.in/latest/corporate/story/adani-reliance-kutch-projects-made-companies-beeline-for-renewable-projects-near-pak-border-548122-2026-08-08
GSTK500325,849447,"Reliance pays up to $25M to charter an oil tanker amid Hormuz crisis.
The strategic move by Reliance indicates resilience and crisis management.","Reliance pays up to $25M to charter an oil tanker amid Hormuz crisis.
The strategic move by Reliance indicates resilience and crisis management.",ET NOW,2026-08-07T19:48:14,https://www.etnownews.com/companies/reliance-pays-up-to-25-million-to-charter-oil-tanker-amid-hormuz-crisis-heres-why-it-still-makes-sense-explained-article-155367136
GSTK500325,873482192726666496,"SC allows Delhi HC to proceed with hearing on $2.31B govt claim against Reliance.
The dispute concerns offshore oilfields involving Reliance.","SC allows Delhi HC to proceed with hearing on $2.31B govt claim against Reliance.
The dispute concerns offshore oilfields involving Reliance.",ScoutQuest,2026-08-07T13:56:23,https://sqst.in/zFvG0
GSTK500325,873447403944550656,Reliance shares rebounded over 1% from their intraday low.,Reliance shares rebounded over 1% from their intraday low.,ScoutQuest,2026-08-07T11:38:08,https://sqst.in/shareMessage?msgId=873447403944550704
GSTK500180,872969,"HDFC Bank allotted 17,29,212 equity shares under its ESOS to employees.
Paid-up share capital increased from 15,40,93,91,686 to 15,41,11,20,898 shares of Re. 1 each.","HDFC Bank allotted 17,29,212 equity shares under its ESOS to employees.
Paid-up share capital increased from 15,40,93,91,686 to 15,41,11,20,898 shares of Re. 1 each.",BSE,2026-08-14T14:10:20,https://www.bseindia.com/stockinfo/AnnPdfOpen.aspx?Pname=87f9945a-1c9a-4669-92ea-8460d9c4558d.pdf
GSTK500180,862999,"Sensex fell 605.3 points to 77,548.96, Nifty 50 dropped 186.6 to 24,284.5, led by IT stock selloff.
TCS, HDFC Bank, Infosys, Reliance fell; Nifty IT dropped 2%; PSU Bank, Metal indices gained slightly.","Sensex fell 605.3 points to 77,548.96, Nifty 50 dropped 186.6 to 24,284.5, led by IT stock selloff.
TCS, HDFC Bank, Infosys, Reliance fell; Nifty IT dropped 2%; PSU Bank, Metal indices gained slightly.",NDTV Profit,2026-08-12T13:27:12,https://www.ndtvprofit.com/markets/stock-market-crash-sensex-tanks-over-600-points-nifty-50-slips-below-24-300-five-key-reasons-explained-11898802#publisher=newsstand
GSTK500180,857677,HDFC Bank shares hit a 2-year low; FPI holding declines for 5th quarter.,HDFC Bank shares hit a 2-year low; FPI holding declines for 5th quarter.,Zee Business,2026-08-11T13:08:56,https://t.co/JXLT2dWI8B
GSTK500180,2608116407220,"HDFC Bank and other private lenders plan to raise $3B via dollar bonds or loans.
They aim to leverage RBI's facility to lower hedging costs for overseas borrowings.","HDFC Bank and other private lenders plan to raise $3B via dollar bonds or loans.
They aim to leverage RBI's facility to lower hedging costs for overseas borrowings.",The Hindu BusinessLine,2026-08-11T12:47:22,https://www.thehindubusinessline.com/money-and-banking/hdfc-leads-indian-private-banks-push-to-raise-billions-overseas/article71331311.ece
GSTK500180,874856690553907840,"HDFC Bank's price holds an ascending trendline, hinting at a rebound.
RSI near oversold and EMA confluence suggest potential bullish resumption.","HDFC Bank's price holds an ascending trendline, hinting at a rebound.
RSI near oversold and EMA confluence suggest potential bullish resumption.",ScoutQuest,2026-08-11T08:58:09,https://sqst.in/shareMessage?msgId=874856690553907832
GSTK500180,852676,"Jefferies reshuffles India portfolio, removing HDFC Bank and PolicyBazaar.
MCX, Lenskart, and Bajaj Finance are added to the portfolio.","Jefferies reshuffles India portfolio, removing HDFC Bank and PolicyBazaar.
MCX, Lenskart, and Bajaj Finance are added to the portfolio.",Financial Express,2026-08-10T10:09:38,https://t.co/IEvl6xaYW3
GSTK500180,852643,"DII equity inflows surpassed Rs 5 trillion for the 3rd straight year in CY26, totaling Rs 19.2 trillion since Aug'23.
Top DII holdings in June'26 include HDFC Bank, ICICI Bank, Reliance Industries, ITC, and SBI, contributing 20% overall.","DII equity inflows surpassed Rs 5 trillion for the 3rd straight year in CY26, totaling Rs 19.2 trillion since Aug'23.
Top DII holdings in June'26 include HDFC Bank, ICICI Bank, Reliance Industries, ITC, and SBI, contributing 20% overall.",Business Standard,2026-08-10T10:02:42,https://www.business-standard.com/markets/news/dii-equity-inflows-top-rs-5-trillion-for-third-straight-calendar-year-126081000202_1.html
GSTK500180,2608084689456,"SBI outpaced HDFC Bank in Q1FY27 loan growth, rising 18.9% to Rs 49.9 lakh crore vs HDFC's 15.6% to Rs 30.37 lakh crore.
SBI's NIM was steady at 3%, while HDFC Bank's dipped to 3.4%; SBI's net profit grew 10.2% y-o-y, HDFC's rose 5%.","SBI outpaced HDFC Bank in Q1FY27 loan growth, rising 18.9% to Rs 49.9 lakh crore vs HDFC's 15.6% to Rs 30.37 lakh crore.
SBI's NIM was steady at 3%, while HDFC Bank's dipped to 3.4%; SBI's net profit grew 10.2% y-o-y, HDFC's rose 5%.",Financial Express,2026-08-08T05:30:00,https://www.financialexpress.com/market/stock-insights/hdfc-bank-vs-sbi-the-king-is-still-standing-but-the-challenger-is-closing-in/4313212/
GSTK500180,847448,"HDFC Bank shares fell 25.9% YTD, market cap declined by ₹3.9T to ₹11.3T.
Post-merger woes, NIM pressure, and governance issues weigh on stock performance.","HDFC Bank shares fell 25.9% YTD, market cap declined by ₹3.9T to ₹11.3T.
Post-merger woes, NIM pressure, and governance issues weigh on stock performance.",Business Standard,2026-08-07T14:25:25,https://www.business-standard.com/markets/news/3-reasons-why-hdfc-bank-has-not-made-money-for-investors-in-2026-so-far-126080700972_1.html
GSTK500180,846280,"Jefferies' Chris Wood exits HDFC Bank and PB Fintech shares.
Funds redirected to purchase two new stocks, details undisclosed.","Jefferies' Chris Wood exits HDFC Bank and PB Fintech shares.
Funds redirected to purchase two new stocks, details undisclosed.",The Economic Times,2026-08-07T11:38:48,https://economictimes.indiatimes.com/markets/stocks/news/jefferies-chris-wood-sells-hdfc-bank-pb-fintech-shares-to-buy-2-new-stocks/articleshow/133023668.cms
GSTK500114,874026,"Titan Company Ltd schedules an analyst/investor meet on 20-Aug-26 with ICICI Lombard.
No price-sensitive information or forward-looking statements will be discussed in the meeting.","Titan Company Ltd schedules an analyst/investor meet on 20-Aug-26 with ICICI Lombard.
No price-sensitive information or forward-looking statements will be discussed in the meeting.",BSE,2026-08-14T16:36:25,https://www.bseindia.com/stockinfo/AnnPdfOpen.aspx?Pname=7ecca265-4979-49de-bba2-0c33f593a083.pdf
GSTK500114,854726,"Markets flatlined Monday; Nifty gained 0.05%, Sensex rose 0.06%, amid crude price pressures.
PSU Banks fell sharply; SBI biggest Nifty loser. Titan, Tata Consumer led gains; gold held firm.","Markets flatlined Monday; Nifty gained 0.05%, Sensex rose 0.06%, amid crude price pressures.
PSU Banks fell sharply; SBI biggest Nifty loser. Titan, Tata Consumer led gains; gold held firm.",The Hindu Business Line,2026-08-10T17:19:21,https://www.thehindubusinessline.com/markets/benchmarks-flatline-for-third-day-as-crude-keeps-bulls-at-bay/article71328131.ece
GSTK500114,854021,"Titan's shares shine amid questions on FY30 growth guidance and jewelry business revenue.
The stock's performance is analyzed alongside its results and future outlook.","Titan's shares shine amid questions on FY30 growth guidance and jewelry business revenue.
The stock's performance is analyzed alongside its results and future outlook.",Zee Business,2026-08-10T15:03:33,https://x.com/ZeeBusiness/status/2086747770392838202
GSTK500114,874562139616370816,"Titan Q1 results show strong performance, boosting midcap sentiment.","Titan Q1 results show strong performance, boosting midcap sentiment.",ScoutQuest,2026-08-10T13:27:42,https://sqst.in/pbX1Z
GSTK500114,853620,"Titan's diamond jewellery growth matched gold jewellery at 34-35% in Q1, driven by lower carat diamond sales.
Jewellery margins beat expectations due to customs duty cuts; Festival of Diamonds may sustain growth in Q2.","Titan's diamond jewellery growth matched gold jewellery at 34-35% in Q1, driven by lower carat diamond sales.
Jewellery margins beat expectations due to customs duty cuts; Festival of Diamonds may sustain growth in Q2.",NDTV Profit,2026-08-10T13:10:01,https://www.ndtvprofit.com/economy/titans-diamond-jewellery-growth-catches-up-with-gold-for-first-time-in-quarters-cfo-11888649#publisher=newsstand
GSTK500114,853626,"ICICI Securities reviews Q1 FY27 for Titan, Hindalco, Fortis, Blue Star, Ramco.
Differentiated ratings provided; full analysis behind paywall.","ICICI Securities reviews Q1 FY27 for Titan, Hindalco, Fortis, Blue Star, Ramco.
Differentiated ratings provided; full analysis behind paywall.",NDTV Profit,2026-08-10T12:33:44,https://www.ndtvprofit.com/markets/titan-fortis-healthcare-hindalco-blue-star-ramco-cements-buy-add-or-hold-heres-icici-securities-take-11888722#publisher=newsstand
GSTK500114,852945,"Titan hits new high, Sky Gold up 14% driven by healthy Q1 earnings; Titan rose 3% to ₹5,081.35, Sky Gold jumped 148% YoY.
Sky Gold's Q1FY27 PAT surged 141% YoY to ₹104.9cr; Titan focuses on buyer growth amid volatile gold prices while Motilal Oswal maintains 'BUY' rating.","Titan hits new high, Sky Gold up 14% driven by healthy Q1 earnings; Titan rose 3% to ₹5,081.35, Sky Gold jumped 148% YoY.
Sky Gold's Q1FY27 PAT surged 141% YoY to ₹104.9cr; Titan focuses on buyer growth amid volatile gold prices while Motilal Oswal maintains 'BUY' rating.",Business Standard,2026-08-10T11:17:00,https://www.business-standard.com/markets/news/jewellery-stocks-in-focus-titan-hits-new-high-sky-gold-up-14-here-s-why-126081000374_1.html
GSTK500114,874525030151022720,"Titan reports a strong Q1FY27, highlighting robust performance.
Margin improvement in H2FY27 depends on product mix, says the company.","Titan reports a strong Q1FY27, highlighting robust performance.
Margin improvement in H2FY27 depends on product mix, says the company.",ScoutQuest,2026-08-10T11:00:15,https://sqst.in/u5Oj7
GSTK500114,874519141356596736,"Titan CFO Ashok Sonthalia clarifies a ₹400 crore one-off in Q1 results.
The impact of the one-off on Titan's margins was also discussed.","Titan CFO Ashok Sonthalia clarifies a ₹400 crore one-off in Q1 results.
The impact of the one-off on Titan's margins was also discussed.",ScoutQuest,2026-08-10T10:36:51,https://sqst.in/fsWPM
GSTK500114,874516795801135872,"Titan hits a 10-year high; analysts suggest a target of ₹5,250.
Investors advised to consider buying on dips or waiting for better entry points.","Titan hits a 10-year high; analysts suggest a target of ₹5,250.
Investors advised to consider buying on dips or waiting for better entry points.",ScoutQuest,2026-08-10T10:27:31,https://sqst.in/oUALY
GSTK500034,860386,"Bajaj Finance Ltd announces resignation of Amit Raghuvanshi, President-Cars, Two-Wheeler & Sales Finance.
His resignation is effective from 11 August 2026, ending an 18-year tenure with the company.","Bajaj Finance Ltd announces resignation of Amit Raghuvanshi, President-Cars, Two-Wheeler & Sales Finance.
His resignation is effective from 11 August 2026, ending an 18-year tenure with the company.",BSE,2026-08-11T20:07:24,https://www.bseindia.com/stockinfo/AnnPdfOpen.aspx?Pname=3d12cd10-9500-41f0-a276-197a58832c11.pdf
GSTK500034,874555560510809088,"Bajaj Finance allotted 1,11,500 secured NCDs at Rs. 1L each, totaling Rs. 1,115 crore.
The NCDs have a 3.25-year tenure, 7.78% p.a. interest, and 1x book debt security cover.","Bajaj Finance allotted 1,11,500 secured NCDs at Rs. 1L each, totaling Rs. 1,115 crore.
The NCDs have a 3.25-year tenure, 7.78% p.a. interest, and 1x book debt security cover.",ScoutQuest,2026-08-10T13:01:34,https://sqst.in/817l0
GSTK500034,852676,"Jefferies reshuffles India portfolio, removing HDFC Bank and PolicyBazaar.
MCX, Lenskart, and Bajaj Finance are added to the portfolio.","Jefferies reshuffles India portfolio, removing HDFC Bank and PolicyBazaar.
MCX, Lenskart, and Bajaj Finance are added to the portfolio.",Financial Express,2026-08-10T10:09:38,https://t.co/IEvl6xaYW3
GSTK500034,849931,"Bajaj Finance surged 8.3% post Q1FY27 results, reporting 29% YoY profit growth to ₹5,345.5 crore, hitting ₹1,151.5 highs.
Brokerages like Motilal Oswal, CLSA, HSBC upgraded ratings; Bernstein cautious citing valuation concerns despite strong performance.","Bajaj Finance surged 8.3% post Q1FY27 results, reporting 29% YoY profit growth to ₹5,345.5 crore, hitting ₹1,151.5 highs.
Brokerages like Motilal Oswal, CLSA, HSBC upgraded ratings; Bernstein cautious citing valuation concerns despite strong performance.",The Hindu Business Line,2026-08-08T01:29:25,https://www.thehindubusinessline.com/markets/stock-markets/bajaj-finance-shares-hit-fresh-52-week-high-after-q1-results-brokerages-turn-bullish/article71288998.ece
GSTK500034,873533571935373824,"Bajaj Finance sees stock decline amid significant market movements.
Auto stocks surge, while SBI delivers unexpected performance in the market.","Bajaj Finance sees stock decline amid significant market movements.
Auto stocks surge, while SBI delivers unexpected performance in the market.",ScoutQuest,2026-08-07T17:20:33,https://sqst.in/5NGYb
GSTK500034,848918,"RBI draft to restrict NBFC revolving credit hit Sensex (-456 pts) & Nifty (-0.27%). Bajaj Finance dropped 6% on flexi-loan curbs.
SBI (+4%), Motherson Sumi (+8.7%), and Hindalco (+3%) gains offset losses; PSU Banks and Defence rose 5% & 4% weekly.","RBI draft to restrict NBFC revolving credit hit Sensex (-456 pts) & Nifty (-0.27%). Bajaj Finance dropped 6% on flexi-loan curbs.
SBI (+4%), Motherson Sumi (+8.7%), and Hindalco (+3%) gains offset losses; PSU Banks and Defence rose 5% & 4% weekly.",The Hindu Business Line,2026-08-07T17:05:52,https://www.thehindubusinessline.com/markets/rbis-draft-nbfc-lending-norms-drag-sensex-nifty-despite-strong-q1-earnings/article71317374.ece
GSTK500034,847350,"Bajaj Finance sees major drop, analysts highlight stricter revolving credit norms.
Bernstein, IIFL provide analysis on RBI's revolving credit regulations.","Bajaj Finance sees major drop, analysts highlight stricter revolving credit norms.
Bernstein, IIFL provide analysis on RBI's revolving credit regulations.",CNBC-AWAAZ,2026-08-07T15:03:57,https://x.com/CNBC_Awaaz/status/2085660708956668125
GSTK500034,847193,Bajaj Finance sees a significant drop; reasons discussed by analysts.,Bajaj Finance sees a significant drop; reasons discussed by analysts.,CNBC-AWAAZ,2026-08-07T14:33:44,https://x.com/CNBC_Awaaz/status/2085653105388200002
GSTK500034,848021,"RBI proposes restricting NBFCs from offering revolving credit lines, impacting growth and profitability.
Bajaj Finance (15% exposure), Tata Capital (high single digits), and Chola (<1%) face varying impacts.","RBI proposes restricting NBFCs from offering revolving credit lines, impacting growth and profitability.
Bajaj Finance (15% exposure), Tata Capital (high single digits), and Chola (<1%) face varying impacts.",NDTV Profit,2026-08-07T13:50:53,https://www.ndtvprofit.com/markets/tata-capital-chola-bajaj-finance-in-focus-as-rbi-moves-to-restrict-revolving-credit-11877893#publisher=newsstand
GSTK500034,846569,"Nifty drops 90 points at noon; Bajaj Finance plunges 5%.
IT stocks remain resilient despite broader market weakness.","Nifty drops 90 points at noon; Bajaj Finance plunges 5%.
IT stocks remain resilient despite broader market weakness.",The Hindu Business Line,2026-08-07T12:54:45,https://www.thehindubusinessline.com/markets/stock-markets/nifty-slides-90-points-at-noon-bajaj-finance-tanks-5-it-stocks-hold-firm/article71316631.ece
GSTK524715,858503,"HC directs Sun Pharma arm to seek court approval before launching semaglutide tablet.
Novo Nordisk's semaglutide referenced; legal oversight emphasized in launch process.","HC directs Sun Pharma arm to seek court approval before launching semaglutide tablet.
Novo Nordisk's semaglutide referenced; legal oversight emphasized in launch process.",ET NOW,2026-08-11T15:45:24,https://x.com/ETNOWlive/status/2087120693779656971
GSTK524715,2608116076945,"Sun Pharma recalled 11 eyecare products in July after safety concerns.
Specialists flagged bacterial contamination in batches of Predmet eyedrop.","Sun Pharma recalled 11 eyecare products in July after safety concerns.
Specialists flagged bacterial contamination in batches of Predmet eyedrop.",The Economic Times,2026-08-11T02:03:02,https://economictimes.indiatimes.com/industry/healthcare/biotech/pharmaceuticals/sun-pharma-recalls-11-eyecare-products-amid-serious-bacterial-contamination-concerns/articleshow/133134589.cms
GSTK524715,2608095221687,"Indian pharma majors like Sun Pharma and Dr. Reddy's see growth driven by domestic branded formulations and emerging markets.
Q1 FY27 shows India and emerging markets cushioned Sun Pharma, Aurobindo Pharma, and Dr. Reddy's from US market slowdown.","Indian pharma majors like Sun Pharma and Dr. Reddy's see growth driven by domestic branded formulations and emerging markets.
Q1 FY27 shows India and emerging markets cushioned Sun Pharma, Aurobindo Pharma, and Dr. Reddy's from US market slowdown.",The Hindu BusinessLine,2026-08-09T15:19:04,https://www.thehindubusinessline.com/news/india-emerging-markets-power-business-of-pharma-majors-amid-us-slowdown/article71324437.ece
GSTK524715,2608095152198,"Trump's tariff plan targets Indian pharma, pressuring generic drugmakers to relocate production to the US.
Imported generic drugs will be duty-free until Aug 2028, with tariffs rising to 100% and 200%. ","Trump's tariff plan targets Indian pharma, pressuring generic drugmakers to relocate production to the US.
Imported generic drugs will be duty-free until Aug 2028, with tariffs rising to 100% and 200%. ",Live Mint,2026-08-09T11:55:06,https://www.livemint.com/industry/indian-pharma-us-tariffs-generic-drugs-trump-nifty-pharma-lupin-dr-reddys-sun-pharma-aurobindo-pharma-11786249255444.html
GSTK524715,2608063262235,"Motilal Oswal issued 7 buy calls spanning finance, tech, and other sectors post-Q1 earnings.
Highlighted stocks include Bajaj Finance, Sun Pharma, GAIL India, and Dixon Technologies.","Motilal Oswal issued 7 buy calls spanning finance, tech, and other sectors post-Q1 earnings.
Highlighted stocks include Bajaj Finance, Sun Pharma, GAIL India, and Dixon Technologies.",The Economic Times,2026-08-06T12:00:00,https://economictimes.indiatimes.com/wealth/invest/motilal-oswals-7-buy-calls-in-finance-tech-and-more-after-q1-earnings/slideshow/132981574.cms
GSTK524715,872687607803233536,"CRISIL reaffirmed Sun Pharma's long-term bank facilities rating as CRISIL AAA.
Rating Watch with Developing Implications status removed after April 2026 announcement.","CRISIL reaffirmed Sun Pharma's long-term bank facilities rating as CRISIL AAA.
Rating Watch with Developing Implications status removed after April 2026 announcement.",ScoutQuest,2026-08-05T09:18:59,https://sqst.in/shareMessage?msgId=872687607803233564
GSTK524715,2608041537866,"Indian pharma firms, including Sun Pharma, Torrent, Cipla, Ajanta, and Lupin, stand to benefit from ₹22,400 Cr patent expiries globally.
Sun Pharma, Torrent, Cipla, Ajanta, and Lupin leverage strong R&D, global reach, and specialty portfolios for growth amid patent cliff.","Indian pharma firms, including Sun Pharma, Torrent, Cipla, Ajanta, and Lupin, stand to benefit from ₹22,400 Cr patent expiries globally.
Sun Pharma, Torrent, Cipla, Ajanta, and Lupin leverage strong R&D, global reach, and specialty portfolios for growth amid patent cliff.",Trade Brains,2026-08-04T04:00:00,https://tradebrains.in/sun-pharmaceuticals-and-4-pharma-stocks-positioned-to-benefit-from-20000-cr-patent-expiry/
GSTK524715,872044682194929152,"Sun Pharma reports strong Q1 earnings and FY27 guidance.
Jayashree Satagopan discusses Sun Pharma's M&A roadmap on ET Now.","Sun Pharma reports strong Q1 earnings and FY27 guidance.
Jayashree Satagopan discusses Sun Pharma's M&A roadmap on ET Now.",ScoutQuest,2026-08-03T14:44:14,https://sqst.in/kVszP
GSTK524715,872014241014434560,"Sun Pharma CFO states it's early to assess Trump's tariff impact; aims high single-digit FY27 revenue growth.
Reports 12.8% global growth in innovative business, notes strong GLP-1 growth with in-house API and formulations.","Sun Pharma CFO states it's early to assess Trump's tariff impact; aims high single-digit FY27 revenue growth.
Reports 12.8% global growth in innovative business, notes strong GLP-1 growth with in-house API and formulations.",ScoutQuest,2026-08-03T12:43:16,https://sqst.in/shareMessage?msgId=872014241014434529
GSTK524715,829831,"Sun Pharma forecasts pricing pressures in upcoming quarters, indicating margin earnings headwinds.
Recovery in prices or volume growth needed to mitigate the adverse impact.","Sun Pharma forecasts pricing pressures in upcoming quarters, indicating margin earnings headwinds.
Recovery in prices or volume growth needed to mitigate the adverse impact.",Livesquawk,2026-08-03T12:08:20,
GSTK532174,2608159548958,"ICICI Bank plans to raise $1.45bn via 4-year loan from BofA-led consortium.
Other participants include CTBC Bank, Mashreq Bank, Mizuho Bank, and UOB.","ICICI Bank plans to raise $1.45bn via 4-year loan from BofA-led consortium.
Other participants include CTBC Bank, Mashreq Bank, Mizuho Bank, and UOB.",The Economic Times,2026-08-15T08:12:36,https://cfo.economictimes.indiatimes.com/news/corporate-finance/icici-bank-seeks-to-raise-1-45-billion-loan-from-a-bofa-led-consortium/133254393
GSTK532174,2608148857379,"ICICI Bank launches a $1.45B syndicated offshore loan to tap overseas debt.
This move leverages a central bank facility that reduces hedging costs.","ICICI Bank launches a $1.45B syndicated offshore loan to tap overseas debt.
This move leverages a central bank facility that reduces hedging costs.",Business Standard,2026-08-14T11:11:32,https://www.business-standard.com/industry/banking/icici-bank-joins-indian-banks-chasing-dollar-loans-as-demand-swells-126081400747_1.html
GSTK532174,871136,"ICICI Bank issues $300M senior unsecured notes, rated BBB and Baa3.
Notes listed on NSE IFSC & India International Exchange IFSC Global Securities Market.","ICICI Bank issues $300M senior unsecured notes, rated BBB and Baa3.
Notes listed on NSE IFSC & India International Exchange IFSC Global Securities Market.",BSE,2026-08-13T20:32:10,https://www.bseindia.com/stockinfo/AnnPdfOpen.aspx?Pname=b7bf257f-fb74-49d7-821f-259816362dae.pdf
GSTK532174,868086,"ICICI Bank allotted 130,909 equity shares under ESOP scheme 2022.
Approval was granted by two Executive Directors at 1:59 p.m. today.","ICICI Bank allotted 130,909 equity shares under ESOP scheme 2022.
Approval was granted by two Executive Directors at 1:59 p.m. today.",BSE,2026-08-13T14:33:20,https://www.bseindia.com/stockinfo/AnnPdfOpen.aspx?Pname=9e3e22ec-52d3-401e-ae81-f81e98ff3186.pdf
GSTK532174,2608138049504,"Sensex dropped 180 pts to 77785; Nifty fell 95 pts to 24488.
UltraTech Cement, Titan, RIL, ICICI Bank were top losers as market cap hit Rs 492.25 lakh crore.","Sensex dropped 180 pts to 77785; Nifty fell 95 pts to 24488.
UltraTech Cement, Titan, RIL, ICICI Bank were top losers as market cap hit Rs 492.25 lakh crore.",Business Today,2026-08-12T12:00:00,https://www.businesstoday.in/amp/markets/stocks/story/sensex-nifty-open-lower-ultratech-cement-titan-ril-icici-bank-top-losers-548901-2026-08-13
GSTK532174,2608116206466,"ICICI Bank insiders sold ₹282m worth of shares in the past year, raising investor concerns.
Executive Director Rakesh Jha's sale of 59% of his stake at ₹1,404 per share stands out.","ICICI Bank insiders sold ₹282m worth of shares in the past year, raising investor concerns.
Executive Director Rakesh Jha's sale of 59% of his stake at ₹1,404 per share stands out.",Simply Wall Street,2026-08-11T00:07:16,https://simplywall.st/stocks/in/banks/nse-icicibank/icici-bank-shares/news/icici-bank-insiders-sell-282m-of-stock-possibly-signalling-c
GSTK532174,874619164916377856,ICICI Bank is set to surpass HDFC Bank as India's top private bank by value.,ICICI Bank is set to surpass HDFC Bank as India's top private bank by value.,ScoutQuest,2026-08-10T17:14:18,https://sqst.in/shareMessage?msgId=874619164916377817
GSTK532174,874542203623893760,"Macquarie highlights ICICI Bank, Hyundai, and Ashok Leyland as top picks.","Macquarie highlights ICICI Bank, Hyundai, and Ashok Leyland as top picks.",ScoutQuest,2026-08-10T12:08:29,https://sqst.in/shareMessage?msgId=874542203623893706
GSTK532174,852643,"DII equity inflows surpassed Rs 5 trillion for the 3rd straight year in CY26, totaling Rs 19.2 trillion since Aug'23.
Top DII holdings in June'26 include HDFC Bank, ICICI Bank, Reliance Industries, ITC, and SBI, contributing 20% overall.","DII equity inflows surpassed Rs 5 trillion for the 3rd straight year in CY26, totaling Rs 19.2 trillion since Aug'23.
Top DII holdings in June'26 include HDFC Bank, ICICI Bank, Reliance Industries, ITC, and SBI, contributing 20% overall.",Business Standard,2026-08-10T10:02:42,https://www.business-standard.com/markets/news/dii-equity-inflows-top-rs-5-trillion-for-third-straight-calendar-year-126081000202_1.html
GSTK532174,852210,"Analysts recommend Axis Bank, ICICI Bank, SBI for up to 27% upside.
Top 9 picks include leading banking stocks; full list available online.","Analysts recommend Axis Bank, ICICI Bank, SBI for up to 27% upside.
Top 9 picks include leading banking stocks; full list available online.",ET NOW,2026-08-10T07:15:50,https://t.co/dthgBPOm5u
GSTK500209,862999,"Sensex fell 605.3 points to 77,548.96, Nifty 50 dropped 186.6 to 24,284.5, led by IT stock selloff.
TCS, HDFC Bank, Infosys, Reliance fell; Nifty IT dropped 2%; PSU Bank, Metal indices gained slightly.","Sensex fell 605.3 points to 77,548.96, Nifty 50 dropped 186.6 to 24,284.5, led by IT stock selloff.
TCS, HDFC Bank, Infosys, Reliance fell; Nifty IT dropped 2%; PSU Bank, Metal indices gained slightly.",NDTV Profit,2026-08-12T13:27:12,https://www.ndtvprofit.com/markets/stock-market-crash-sensex-tanks-over-600-points-nifty-50-slips-below-24-300-five-key-reasons-explained-11898802#publisher=newsstand
GSTK500209,857189,Infosys and Vedanta are among 10 stocks with reduced LIC holdings in Q1.,Infosys and Vedanta are among 10 stocks with reduced LIC holdings in Q1.,The Economic Times,2026-08-11T11:10:12,https://economictimes.indiatimes.com/markets/stocks/news/infosys-vedanta-among-10-stocks-that-saw-the-sharpest-decrease-in-lic-holdings-in-q1-see-full-list/out-of-favour/slideshow/133142456.cms
GSTK500209,857086,"Retail investors invested Rs 17,914 crore in Infosys, Reliance, TCS, Wipro, HCL Tech, and ITC despite June quarter declines.
All six stocks saw declines during the period, yet retail investors took a contrarian approach to accumulate shares.","Retail investors invested Rs 17,914 crore in Infosys, Reliance, TCS, Wipro, HCL Tech, and ITC despite June quarter declines.
All six stocks saw declines during the period, yet retail investors took a contrarian approach to accumulate shares.",The Economic Times,2026-08-11T10:35:00,https://economictimes.indiatimes.com/markets/stocks/news/retail-investors-make-rs-18000-crore-bold-contra-bet-on-6-falling-bluechip-stocks-will-it-pay-off/articleshow/133142033.cms?utm_source=contentofinterest&utm_medium=text&utm_campaign=cppst
GSTK500209,846977,"Kotak predicts challenging year for IT sector as AI gains won't offset revenue deflation for TCS, Infosys, HCLTech.
TCS, Infosys, HCLTech may struggle despite AI advancements, says Kotak, hinting at sector-wide revenue concerns.","Kotak predicts challenging year for IT sector as AI gains won't offset revenue deflation for TCS, Infosys, HCLTech.
TCS, Infosys, HCLTech may struggle despite AI advancements, says Kotak, hinting at sector-wide revenue concerns.",Financial Express,2026-08-07T14:05:20,https://t.co/JNQZc0Ay3a
GSTK500209,843824,"Infosys signed a 10-year deal to transform Crocs' IT systems for scalable growth.
The partnership will use AI platforms to streamline operations, reduce costs, and enhance agility.","Infosys signed a 10-year deal to transform Crocs' IT systems for scalable growth.
The partnership will use AI platforms to streamline operations, reduce costs, and enhance agility.",BSE,2026-08-06T17:41:42,https://www.bseindia.com/stockinfo/AnnPdfOpen.aspx?Pname=e4104279-3cb4-4eee-9c02-a970fd6cb332.pdf
GSTK500209,838708,"Infosys expands collaboration with Metsä Group for AI-led IT transformation using Infosys Topaz Fabric.
Partnership aims to enhance IT operations, drive productivity, and scale innovation for Metsä Group's global operations.","Infosys expands collaboration with Metsä Group for AI-led IT transformation using Infosys Topaz Fabric.
Partnership aims to enhance IT operations, drive productivity, and scale innovation for Metsä Group's global operations.",BSE,2026-08-05T15:28:23,https://www.bseindia.com/stockinfo/AnnPdfOpen.aspx?Pname=fbd80c7c-bbc7-443a-8f87-c6057e34adc5.pdf
GSTK500209,872689755395934080,"Infosys and RIL were among top traded CAS turnover stocks.
2.4 Cr shares of Ather Energy traded on Tuesday.","Infosys and RIL were among top traded CAS turnover stocks.
2.4 Cr shares of Ather Energy traded on Tuesday.",ScoutQuest,2026-08-05T09:27:31,https://sqst.in/30vhN
GSTK500209,833481,"IT stocks TCS, Infosys, HCLTech, Coforge see futures price and open interest decline.
TCS options show fresh activity at Rs 2,400-2,500; Infosys sees unwinding across key strikes.","IT stocks TCS, Infosys, HCLTech, Coforge see futures price and open interest decline.
TCS options show fresh activity at Rs 2,400-2,500; Infosys sees unwinding across key strikes.",NDTV Profit,2026-08-04T11:16:33,https://www.ndtvprofit.com/markets/tcs-infosys-hcltech-fall-as-traders-cut-f-o-positions-in-it-stocks-ahead-of-expiry-11862647#publisher=newsstand
GSTK500209,2608041418308,"TCS and Infosys adopt contrasting AI strategies; TCS focuses on AI infrastructure, Infosys on AI-native software transformation.
TCS's AI-linked revenue rose 13.6% sequentially in Q1FY27, while Infosys's AI services share grew to 8.2% of total revenue.","TCS and Infosys adopt contrasting AI strategies; TCS focuses on AI infrastructure, Infosys on AI-native software transformation.
TCS's AI-linked revenue rose 13.6% sequentially in Q1FY27, while Infosys's AI services share grew to 8.2% of total revenue.",Financial Express,2026-08-04T05:03:00,https://www.financialexpress.com/market/stock-insights/tcs-and-infosys-are-taking-opposite-ai-bets-which-one-wins/4309767/
GSTK500209,832318,"NSE CAS debut sees Rs 1,276.2 crore turnover; top 10 stocks drive 30%.
ICICI Bank, HDFC Bank, Reliance, Infosys, TCS dominate NSE CAS activity.","NSE CAS debut sees Rs 1,276.2 crore turnover; top 10 stocks drive 30%.
ICICI Bank, HDFC Bank, Reliance, Infosys, TCS dominate NSE CAS activity.",NDTV Profit,2026-08-03T21:46:02,https://www.ndtvprofit.com/markets/nse-closing-auction-turnover-hits-rs-1-276-crore-top-10-stocks-drive-30-share-11861009#publisher=newsstand
GSTK512599,875720794306990080,"Adani Enterprises acquired 100% stake in Path Highways LLP for INR 91.3 crore.
The acquisition aims to strengthen Adani's road infrastructure business presence.","Adani Enterprises acquired 100% stake in Path Highways LLP for INR 91.3 crore.
The acquisition aims to strengthen Adani's road infrastructure business presence.",ScoutQuest,2026-08-13T18:11:47,https://sqst.in/shareMessage?msgId=875720794306990068
GSTK512599,856974,"Adani stocks rise as US court clears Gautam Adani of criminal charges.
Adani Green, Adani Enterprises, and others gain up to 3% in reaction.","Adani stocks rise as US court clears Gautam Adani of criminal charges.
Adani Green, Adani Enterprises, and others gain up to 3% in reaction.",ET NOW,2026-08-11T10:16:40,https://www.etnownews.com/markets/adani-stocks-rejoice-as-us-court-drops-criminal-charges-on-gautam-adani-adani-green-adani-enterprises-others-jump-up-to-3-article-155578685
GSTK512599,856822,US judge dismisses criminal charges against Adani Enterprises.,US judge dismisses criminal charges against Adani Enterprises.,ET NOW,2026-08-11T09:21:16,https://x.com/ETNOWlive/status/2087024020462129212
GSTK512599,856805,"Adani Group stocks, including Adani Enterprises, Power, Green, and Energy Solutions, may see focus as US judge dismisses charges.","Adani Group stocks, including Adani Enterprises, Power, Green, and Energy Solutions, may see focus as US judge dismisses charges.",The Economic Times,2026-08-11T09:05:00,https://economictimes.indiatimes.com/markets/stocks/news/adani-group-stocks-in-focus-after-us-judge-drops-criminal-case-against-gautam-adani/articleshow/133141156.cms
GSTK512599,873887608945904512,"Adani Enterprises forms AACL Global IFSC Limited for treasury activities.
The subsidiary has a paid-up capital of ₹5 lakh under IFSCA regulations.","Adani Enterprises forms AACL Global IFSC Limited for treasury activities.
The subsidiary has a paid-up capital of ₹5 lakh under IFSCA regulations.",ScoutQuest,2026-08-08T16:47:22,https://sqst.in/shareMessage?msgId=873887608945904541
GSTK512599,840551,"Adani Enterprises redeemed commercial papers worth Rs. 15 crore on 05 August 2026.
The redemption was of 300 CPs upon maturity, with no outstanding amount remaining.","Adani Enterprises redeemed commercial papers worth Rs. 15 crore on 05 August 2026.
The redemption was of 300 CPs upon maturity, with no outstanding amount remaining.",BSE,2026-08-05T20:16:50,https://www.bseindia.com/stockinfo/AnnPdfOpen.aspx?Pname=3e58eb6d-5459-4fad-b342-000e76d8d7f7.pdf
GSTK512599,872532204654120192,"Adani Defence Systems acquired 44.6% stake in Flight Simulation Solutions, now owning 100%.
The acquisition aligns with SPA terms; announcement made on August 4, 2026.","Adani Defence Systems acquired 44.6% stake in Flight Simulation Solutions, now owning 100%.
The acquisition aligns with SPA terms; announcement made on August 4, 2026.",ScoutQuest,2026-08-04T23:01:28,https://sqst.in/a6jBd
GSTK512599,819561,"Adani Enterprises shared the audio recording of its Q1 FY27 investors' call.
The recording pertains to the company's unaudited financial results for June 2026.","Adani Enterprises shared the audio recording of its Q1 FY27 investors' call.
The recording pertains to the company's unaudited financial results for June 2026.",BSE,2026-07-29T22:23:20,https://www.bseindia.com/stockinfo/AnnPdfOpen.aspx?Pname=27ba2102-c2fe-4469-9e10-7c8a66fa2c74.pdf
GSTK512599,818327,"Adani Enterprises posted a ₹1,160 crore net loss for Q1 after ₹2,644 crore OFAC settlement.
The payment was made under an agreement with the US Office of Foreign Assets Control.","Adani Enterprises posted a ₹1,160 crore net loss for Q1 after ₹2,644 crore OFAC settlement.
The payment was made under an agreement with the US Office of Foreign Assets Control.",The Hindu Business Line,2026-07-29T16:57:27,https://www.thehindubusinessline.com/news/adani-enterprises-posts-q1-loss-after-paying-2644-cr-as-ofac-settlement-in-the-us/article71280978.ece?utm_campaign=mrf-twitter-businessline&utm_source=twitter&utm_medium=social&mrfcid=202607296a69e39e8cfafb73d496e86f
GSTK512599,817874,"Adani Enterprises reports Rs 1,160 cr loss due to one-time expense.
Revenue surges 50% YoY despite the reported loss in Q1 results.","Adani Enterprises reports Rs 1,160 cr loss due to one-time expense.
Revenue surges 50% YoY despite the reported loss in Q1 results.",The Economic Times,2026-07-29T15:07:49,https://x.com/ETMarkets/status/2082400190598918448
GSTK500510,2608138426764,"Larsen & Toubro secures Rs 10,000-15,000 crore order for India's largest AI factory.
The Chennai-based AI facility marks L&T's entry into the AI Factory business.","Larsen & Toubro secures Rs 10,000-15,000 crore order for India's largest AI factory.
The Chennai-based AI facility marks L&T's entry into the AI Factory business.",NDTV,2026-08-13T20:48:31,https://www.ndtv.com/india-news/l-t-bags-rs-10-000-crore-order-to-build-indias-largest-ai-factory-in-chennai-11906351
GSTK500510,875619111790921344,"Larsen & Toubro's Vyoma.AI secured India's largest NVIDIA B300 AI Factory order.
The AI infrastructure will be built for a US-based innovator, hosted in Chennai.","Larsen & Toubro's Vyoma.AI secured India's largest NVIDIA B300 AI Factory order.
The AI infrastructure will be built for a US-based innovator, hosted in Chennai.",ScoutQuest,2026-08-13T11:27:44,https://sqst.in/shareMessage?msgId=875619111790921391
GSTK500510,858727,Larsen & Toubro executes a business transfer agreement with its subsidiary.,Larsen & Toubro executes a business transfer agreement with its subsidiary.,ET NOW,2026-08-11T16:25:57,https://x.com/ETNOWlive/status/2087130895211958332
GSTK500510,874965918450902656,"L&T plans to sell its Data Center and Cloud Services business for ₹1,400 crore.","L&T plans to sell its Data Center and Cloud Services business for ₹1,400 crore.",ScoutQuest,2026-08-11T16:12:11,https://sqst.in/shareMessage?msgId=874965918450902673
GSTK500510,858438,"Larsen & Toubro signs agreements to transfer its Data Center and Cloud Services business to Vyoma.AI for ₹1,400 crore via equity shares.
L&T also divests its stake in LT Network Services to Vyoma.AI for ₹30 crore; transactions subject to closing conditions.","Larsen & Toubro signs agreements to transfer its Data Center and Cloud Services business to Vyoma.AI for ₹1,400 crore via equity shares.
L&T also divests its stake in LT Network Services to Vyoma.AI for ₹30 crore; transactions subject to closing conditions.",BSE,2026-08-11T15:53:21,https://www.bseindia.com/stockinfo/AnnPdfOpen.aspx?Pname=ebcc752a-004e-4219-8640-8f072c97a01b.pdf
GSTK500510,874949839771070080,Larsen & Toubro plans to bid for India's rare earth magnet project.,Larsen & Toubro plans to bid for India's rare earth magnet project.,ScoutQuest,2026-08-11T15:08:17,https://sqst.in/shareMessage?msgId=874949839771070087
GSTK500510,851645,"SBI led gains in top-10 firms, adding ₹63,922.03cr to valuation.
Reliance, TCS, and L&T also posted valuation increases; LIC saw steepest decline.","SBI led gains in top-10 firms, adding ₹63,922.03cr to valuation.
Reliance, TCS, and L&T also posted valuation increases; LIC saw steepest decline.",Business Standard,2026-08-09T10:19:44,https://www.business-standard.com/markets/news/mcap-of-4-of-top-10-most-valued-firms-jumps-1-43-trn-sbi-biggest-winner-126080900106_1.html
GSTK500510,846527,"Larsen & Toubro wins major contract worth 50B-100B INR, boosting order inflow.","Larsen & Toubro wins major contract worth 50B-100B INR, boosting order inflow.",Livesquawk,2026-08-07T12:53:47,
GSTK500510,873466321484524416,"L&T Energy Hydrocarbon Offshore wins ONGC orders for PRP-X and Well Head Platforms.
Projects include EPCIC of subsea pipelines and four platforms off India's west coast.","L&T Energy Hydrocarbon Offshore wins ONGC orders for PRP-X and Well Head Platforms.
Projects include EPCIC of subsea pipelines and four platforms off India's west coast.",ScoutQuest,2026-08-07T12:53:19,https://sqst.in/shareMessage?msgId=873466321484524407
GSTK500510,2608074271751,"L&T's drone unit expects threefold revenue growth in five years, expanding India’s defense tech.
L&T projects delivering 100 Teer drones to IAF; UAV market to hit $3.2B by 2030.","L&T's drone unit expects threefold revenue growth in five years, expanding India’s defense tech.
L&T projects delivering 100 Teer drones to IAF; UAV market to hit $3.2B by 2030.",MarketScreener India,2026-08-07T12:00:00,https://in.marketscreener.com/news/l-t-says-unit-that-houses-drones-to-see-threefold-revenue-growth-over-five-years-ce7f50d2dc80fe20
GSTK500696,865682,"Hindustan Unilever Ltd will join Motilal Oswal's 22nd Annual Global Investor Conference on 17th August 2026.
The conference will be held physically, as per Regulation 30 of SEBI listing norms.","Hindustan Unilever Ltd will join Motilal Oswal's 22nd Annual Global Investor Conference on 17th August 2026.
The conference will be held physically, as per Regulation 30 of SEBI listing norms.",BSE,2026-08-12T19:56:49,https://www.bseindia.com/stockinfo/AnnPdfOpen.aspx?Pname=10e04063-ecc6-458e-8022-4fe8a7e9bcd6.pdf
GSTK500696,855437,"HUL, Britannia, Dabur, Godrej plan price hikes for essentials like biscuits, soap, oil.
Rising inflation impacts daily FMCG items; Indian consumers face higher costs soon.","HUL, Britannia, Dabur, Godrej plan price hikes for essentials like biscuits, soap, oil.
Rising inflation impacts daily FMCG items; Indian consumers face higher costs soon.",Zee Business,2026-08-10T18:56:17,https://x.com/ZeeBusiness/status/2086806340484186488
GSTK500696,853418,"Nestle, Marico showed strong growth; HUL faced margin pressure.
ITC had a weak quarter as FMCG sector faced rising input costs.","Nestle, Marico showed strong growth; HUL faced margin pressure.
ITC had a weak quarter as FMCG sector faced rising input costs.",ET NOW,2026-08-10T13:19:32,https://x.com/ETNOWlive/status/2086721594962190508
GSTK500696,2608095195364,"FMCG firms like Hindustan Unilever, Britannia, Dabur plan price hikes due to high input costs.
Strategies include selective price increases and reducing pack quantities without proportional price cuts.","FMCG firms like Hindustan Unilever, Britannia, Dabur plan price hikes due to high input costs.
Strategies include selective price increases and reducing pack quantities without proportional price cuts.",The Economic Times,2026-08-09T12:00:00,https://economictimes.indiatimes.com/industry/cons-products/fmcg/fmcg-makers-plan-more-price-hikes-as-input-costs-stay-elevated-demand-holds-strong/articleshow/133064271.cms
GSTK500696,849598,"HUL shares dropped 7% as Q1 FY27 profit fell 3% to ₹2,673 crore despite 10% sales growth; margins squeezed by commodity inflation.
HUL plans ₹2,000 crore capex, focuses on premiumisation, digital beauty, and nutrition; Home Care and Beauty segments led growth.","HUL shares dropped 7% as Q1 FY27 profit fell 3% to ₹2,673 crore despite 10% sales growth; margins squeezed by commodity inflation.
HUL plans ₹2,000 crore capex, focuses on premiumisation, digital beauty, and nutrition; Home Care and Beauty segments led growth.",The Hindu Business Line,2026-08-07T20:39:52,https://www.thehindubusinessline.com/markets/stock-markets/hul-shares-fall-7-as-q1-attributable-profit-drops-3-to-2673-crore/article71276610.ece
GSTK500696,829709,"India's FMCG top 7 report ₹43,779 cr turnover, up 13.9%.
EBITDA margin remains flat; includes Colgate, Unilever, Nestle.","India's FMCG top 7 report ₹43,779 cr turnover, up 13.9%.
EBITDA margin remains flat; includes Colgate, Unilever, Nestle.",The Hindu Business Line,2026-08-03T11:26:22,https://t.co/SZulMr6aqU
GSTK500696,826908,"HUL, Dodla Dairy, Asian Paints, Havells, and Tata Consumer Products plan price hikes due to rising input costs.
RBI expects inflation to average 5.1% FY27; price hikes coincide with festive season and steady demand across India.","HUL, Dodla Dairy, Asian Paints, Havells, and Tata Consumer Products plan price hikes due to rising input costs.
RBI expects inflation to average 5.1% FY27; price hikes coincide with festive season and steady demand across India.",NDTV Profit,2026-08-01T08:21:08,https://www.ndtvprofit.com/business/hul-dodla-dairy-asian-paints-plan-fresh-price-hikes-testing-inflation-outlook-11851094#publisher=newsstand
GSTK500696,26073157196683,"Top 7 FMCG firms see revenue rise of 13.9% to ₹43,779 crore in Q2.
Growth driven by rural demand, premiumisation, and quick commerce expansion.","Top 7 FMCG firms see revenue rise of 13.9% to ₹43,779 crore in Q2.
Growth driven by rural demand, premiumisation, and quick commerce expansion.",The Hindu BusinessLine,2026-07-31T19:31:59,https://www.thehindubusinessline.com/companies/indias-fmcg-top-seven-clock-43779-crore-turnover-up-139-ebitda-margin-stays-flat/article71287755.ece
GSTK500696,817730,"Brokerages bullish on FMCG stocks like HUL and Varun Beverages.
HUL witnessed a sharp drop post-results but sees buying interest.","Brokerages bullish on FMCG stocks like HUL and Varun Beverages.
HUL witnessed a sharp drop post-results but sees buying interest.",CNBC-AWAAZ,2026-07-29T14:53:27,https://x.com/CNBC_Awaaz/status/2082396574215496085
GSTK500696,817744,"HUL, Godfrey Philips, and Varun Beverages surged 4% post results, reversing prior losses.
Tejas Networks and Tilaknagar also gained, while Adani Ports outperformed expectations.","HUL, Godfrey Philips, and Varun Beverages surged 4% post results, reversing prior losses.
Tejas Networks and Tilaknagar also gained, while Adani Ports outperformed expectations.",Zee Business,2026-07-29T14:43:18,https://x.com/ZeeBusiness/status/2082394023478935797
GSTK532500,841413,"Maruti Suzuki, Grasim among 38 stocks with dividend payouts deadline today.
Investors must act promptly to secure dividends from listed stocks.","Maruti Suzuki, Grasim among 38 stocks with dividend payouts deadline today.
Investors must act promptly to secure dividends from listed stocks.",The Economic Times,2026-08-06T08:50:15,https://economictimes.indiatimes.com/markets/stocks/news/dividend-alert-last-day-to-buy-maruti-suzuki-grasim-among-38-stocks-for-dividend-payouts-how-many-do-you-own/articleshow/132979612.cms?utm_source=contentofinterest&utm_medium=text&utm_campaign=cppst
GSTK532500,841301,"Maruti Suzuki, ABB India, Chennai Petro, Alkem Labs, Grasim, and Sharda Cropchem offer dividends; Aug 6, 2026, is the last buy date.
Key payouts: Maruti Rs. 140/share, ABB Rs. 90/share; TDS at 10% if dividends exceed Rs. 5,000/year.","Maruti Suzuki, ABB India, Chennai Petro, Alkem Labs, Grasim, and Sharda Cropchem offer dividends; Aug 6, 2026, is the last buy date.
Key payouts: Maruti Rs. 140/share, ABB Rs. 90/share; TDS at 10% if dividends exceed Rs. 5,000/year.",NDTV Profit,2026-08-06T06:56:04,https://www.ndtvprofit.com/markets/maruti-suzuki-abb-india-chennai-petroleum-alkem-laboratories-grasim-sharda-cropchem-dividends-last-day-to-buy-shares-to-qualify-11872199#publisher=newsstand
GSTK532500,2608052664659,"Maruti Suzuki declared a final dividend of Rs 140/share for FY26; record date is Aug 7, payout on Sep 9.
Q4 FY26 saw profit decline by 6.9% to Rs 3,590.5 cr, but revenue grew 28.2% YOY to Rs 52,449.3 cr.","Maruti Suzuki declared a final dividend of Rs 140/share for FY26; record date is Aug 7, payout on Sep 9.
Q4 FY26 saw profit decline by 6.9% to Rs 3,590.5 cr, but revenue grew 28.2% YOY to Rs 52,449.3 cr.",Zee Business,2026-08-05T12:00:00,https://www.zeebiz.com/markets/stocks/news-2800-dividend-by-automaker-record-date-on-aug-7-399990
GSTK532500,872725662736009472,"Suzuki Motor's Q1 FY26 revenue rose 22% YoY to 1,705.8B yen.
Operating profit grew 11.2% YoY; overseas sales surged 29.3%.","Suzuki Motor's Q1 FY26 revenue rose 22% YoY to 1,705.8B yen.
Operating profit grew 11.2% YoY; overseas sales surged 29.3%.",ScoutQuest,2026-08-05T11:50:12,https://sqst.in/pS53n
GSTK532500,837250,"Morgan Stanley sees India's growth rebounding, sets June 2027 Sensex target at 89,000, with a bull case of 1,00,000.
Focus stocks include Lenskart, Varun Beverages, Adani Power, Trent, Maruti Suzuki, Bajaj Finance, ICICI Bank, and UltraTech Cement.","Morgan Stanley sees India's growth rebounding, sets June 2027 Sensex target at 89,000, with a bull case of 1,00,000.
Focus stocks include Lenskart, Varun Beverages, Adani Power, Trent, Maruti Suzuki, Bajaj Finance, ICICI Bank, and UltraTech Cement.",NDTV Profit,2026-08-05T09:33:32,https://www.ndtvprofit.com/markets/morgan-stanley-stock-picks-target-price-for-next-growth-ride-lenskart-varun-beverages-to-adani-power-11867365#publisher=newsstand
GSTK532500,837040,"LIC invested Rs 16,578 crore in its top 10 stock additions in Q1 FY24.
Key investments include Bharti Airtel, Maruti Suzuki, and ITC.","LIC invested Rs 16,578 crore in its top 10 stock additions in Q1 FY24.
Key investments include Bharti Airtel, Maruti Suzuki, and ITC.",The Economic Times,2026-08-05T09:15:00,https://economictimes.indiatimes.com/markets/stocks/news/inside-lics-rs-16-lakh-crore-portfolio-its-biggest-stock-buys-and-sells-in-june-quarter/articleshow/132886296.cms?utm_source=contentofinterest&utm_medium=text&utm_campaign=cppst
GSTK532500,829400,"Maruti Suzuki's stock drops post-Q1 earnings miss, raising entry point queries.","Maruti Suzuki's stock drops post-Q1 earnings miss, raising entry point queries.",Zee Business,2026-08-03T09:53:28,https://t.co/C5UmxISvBO
GSTK532500,829479,"Maruti Suzuki Q1 revenue beat keeps Nirmal Bang bullish despite margin pressure.
Key drivers include PV market leadership, multi powertrain strategy, and entry segment recovery.","Maruti Suzuki Q1 revenue beat keeps Nirmal Bang bullish despite margin pressure.
Key drivers include PV market leadership, multi powertrain strategy, and entry segment recovery.",NDTV Profit,2026-08-03T09:24:18,https://www.ndtvprofit.com/markets/maruti-suzuki-shares-in-focus-q1-revenue-beat-keeps-nirmal-bang-bullish-despite-margin-pressure-check-target-price-11857581#publisher=newsstand
GSTK532500,829315,"Brokerages express a positive outlook on ITC and Maruti Suzuki.
The reasons for bullishness were not detailed in the provided text.","Brokerages express a positive outlook on ITC and Maruti Suzuki.
The reasons for bullishness were not detailed in the provided text.",CNBC-AWAAZ,2026-08-03T09:01:53,https://x.com/CNBC_Awaaz/status/2084120041281483047
GSTK532500,871947315152111872,"Maruti responds to Q1 earnings updates alongside Persistent and IOC.
SBIFunds, UPL, and DLF are also scheduled to report today.","Maruti responds to Q1 earnings updates alongside Persistent and IOC.
SBIFunds, UPL, and DLF are also scheduled to report today.",ScoutQuest,2026-08-03T08:17:19,https://sqst.in/shareMessage?msgId=871947315152111889
GSTK500520,875736539720011136,"Mahindra University sold 867,027 Mahindra & Mahindra shares, 0.07% of voting capital.
Proceeds from the sale will fund educational and charitable initiatives.","Mahindra University sold 867,027 Mahindra & Mahindra shares, 0.07% of voting capital.
Proceeds from the sale will fund educational and charitable initiatives.",ScoutQuest,2026-08-13T19:14:21,https://sqst.in/LrZxd
GSTK500520,864814,"Anuradha and Anand Mahindra pledged ₹500 Cr to Mahindra University, fulfilling it with M&M equity shares valued at ₹300 Cr.
The contribution includes 8,67,027 M&M shares (0.07% of voting capital) to support MU’s infrastructure and educational objectives.","Anuradha and Anand Mahindra pledged ₹500 Cr to Mahindra University, fulfilling it with M&M equity shares valued at ₹300 Cr.
The contribution includes 8,67,027 M&M shares (0.07% of voting capital) to support MU’s infrastructure and educational objectives.",BSE,2026-08-12T18:16:29,https://www.bseindia.com/stockinfo/AnnPdfOpen.aspx?Pname=65bfb07a-b7d1-46a3-8afa-2f148cebbcb7.pdf
GSTK500520,854727,"Mahindra's July sales rose 24.8% YoY to 1,02,710 units, led by Scorpio diesel at 15,562 units.
Electric Origin SUV sales surged 61.3% YoY; exports grew 47.4% to 4,159 units across models.","Mahindra's July sales rose 24.8% YoY to 1,02,710 units, led by Scorpio diesel at 15,562 units.
Electric Origin SUV sales surged 61.3% YoY; exports grew 47.4% to 4,159 units across models.",CNBC TV 18,2026-08-10T17:19:13,https://www.cnbctv18.com/business/companies/mahindra-sales-jump-25-in-july-to-over-1-lakh-vehicles-scorpio-leads-suv-volumes-19965800.htm
GSTK500520,874609006240785536,"M&M's total production rose 20.4% YoY to 102,000 units in July.
Sales increased 24.8% YoY to 103,000 units; exports grew 47.4% to 4,159 units.","M&M's total production rose 20.4% YoY to 102,000 units in July.
Sales increased 24.8% YoY to 103,000 units; exports grew 47.4% to 4,159 units.",ScoutQuest,2026-08-10T16:33:56,https://sqst.in/shareMessage?msgId=874609006240785517
GSTK500520,852602,"Mahindra & Mahindra focuses on Holidays & Lifespaces, appointing Amit Kumar Sinha as CEO.
Sinha will lead the Real Estate & Hospitality sector for Mahindra Group.","Mahindra & Mahindra focuses on Holidays & Lifespaces, appointing Amit Kumar Sinha as CEO.
Sinha will lead the Real Estate & Hospitality sector for Mahindra Group.",ET NOW,2026-08-10T09:44:41,https://x.com/ETNOWlive/status/2086667529007800729
GSTK500520,2608095335268,"Mahindra Group appoints Shveta Arya as Group Chief Strategy Officer from Sep 15.
Arya will join Mahindra & Mahindra Ltd's senior management, transitioning from her MD role.","Mahindra Group appoints Shveta Arya as Group Chief Strategy Officer from Sep 15.
Arya will join Mahindra & Mahindra Ltd's senior management, transitioning from her MD role.",The Economic Times,2026-08-09T23:13:00,https://hr.economictimes.indiatimes.com/news/industry/mahindra-group-appoints-shveta-arya-as-group-chief-strategy-officer/133072612
GSTK500520,845157,"Mahindra & Mahindra Ltd. completes divestment of stake in Erkunt Foundry.
Erkunt Foundry ceases to be a step-down subsidiary effective 6th Aug 2026.","Mahindra & Mahindra Ltd. completes divestment of stake in Erkunt Foundry.
Erkunt Foundry ceases to be a step-down subsidiary effective 6th Aug 2026.",BSE,2026-08-06T22:20:15,https://www.bseindia.com/stockinfo/AnnPdfOpen.aspx?Pname=91cd1bad-008c-4e03-92d8-cc25538d1bfd.pdf
GSTK500520,872698303282627584,"Mahindra & Mahindra Ltd. breaks horizontal resistance with bullish momentum.
The stock shows rising volume, higher lows, and consolidation base for growth.","Mahindra & Mahindra Ltd. breaks horizontal resistance with bullish momentum.
The stock shows rising volume, higher lows, and consolidation base for growth.",ScoutQuest,2026-08-05T10:01:29,https://sqst.in/shareMessage?msgId=872698303282627647
GSTK500520,837245,"HSBC picks ICICI Bank, M&M, Titan, Phoenix Mills, Fortis Healthcare, Hindalco among top India stock ideas.
India's resilient demand, corporate earnings, and $25B potential inflows boost HSBC's positive market outlook.","HSBC picks ICICI Bank, M&M, Titan, Phoenix Mills, Fortis Healthcare, Hindalco among top India stock ideas.
India's resilient demand, corporate earnings, and $25B potential inflows boost HSBC's positive market outlook.",NDTV Profit,2026-08-05T09:41:53,https://www.ndtvprofit.com/markets/hsbc-bets-on-icici-bank-m-m-titan-among-top-india-picks-says-foreign-inflows-could-be-next-market-trigger-11867198#publisher=newsstand
GSTK500520,872313748520388096,"Morgan Stanley retains Overweight on Mahindra & Mahindra, ups target to ₹4,370.
Target hike driven by improved tractor sales, higher EPS, and subsidiary valuations.","Morgan Stanley retains Overweight on Mahindra & Mahindra, ups target to ₹4,370.
Target hike driven by improved tractor sales, higher EPS, and subsidiary valuations.",ScoutQuest,2026-08-04T08:33:24,https://sqst.in/shareMessage?msgId=872313748520388143
GSTK532215,874099,"LIC nominates K.S. Giridhar as Non-Executive Director for Axis Bank's board, replacing Mini Ipe.
Giridhar, with 35 years at LIC, manages ₹14 trillion AUM, specializing in investments and governance.","LIC nominates K.S. Giridhar as Non-Executive Director for Axis Bank's board, replacing Mini Ipe.
Giridhar, with 35 years at LIC, manages ₹14 trillion AUM, specializing in investments and governance.",BSE,2026-08-14T16:43:42,https://www.bseindia.com/stockinfo/AnnPdfOpen.aspx?Pname=4a26cafd-afaf-4d86-8fe3-731d50358898.pdf
GSTK532215,876017698286814976,"Axis Bank plans to acquire 10% more stake in Axis Max Life.
This move precedes the reverse merger of Max Financial and Axis Max Life.","Axis Bank plans to acquire 10% more stake in Axis Max Life.
This move precedes the reverse merger of Max Financial and Axis Max Life.",ScoutQuest,2026-08-14T13:51:34,https://sqst.in/shareMessage?msgId=876017698286814971
GSTK532215,862050,"Axis Bank NSE block trade worth ₹34.4 crore for 281,187 shares.
Trade executed at ₹1,222.40 per share.","Axis Bank NSE block trade worth ₹34.4 crore for 281,187 shares.
Trade executed at ₹1,222.40 per share.",Livesquawk,2026-08-12T12:17:50,
GSTK532215,875254130213841152,"Axis Bank issued $300M senior notes at 5.3% under $5B GMTN programme.
Notes to be listed on India International Exchange and NSE IFSC.","Axis Bank issued $300M senior notes at 5.3% under $5B GMTN programme.
Notes to be listed on India International Exchange and NSE IFSC.",ScoutQuest,2026-08-12T11:17:26,https://sqst.in/AYbXt
GSTK532215,859721,"Axis Bank has allotted 1,132,709 equity shares under its ESOP/RSU scheme.
Paid-up capital increased to Rs. 6,225.6M from Rs. 6,223.3M.","Axis Bank has allotted 1,132,709 equity shares under its ESOP/RSU scheme.
Paid-up capital increased to Rs. 6,225.6M from Rs. 6,223.3M.",BSE,2026-08-11T18:17:41,https://www.bseindia.com/stockinfo/AnnPdfOpen.aspx?Pname=b1a85d24-f5e0-4956-a028-b89fc2f591e3.pdf
GSTK532215,852210,"Analysts recommend Axis Bank, ICICI Bank, SBI for up to 27% upside.
Top 9 picks include leading banking stocks; full list available online.","Analysts recommend Axis Bank, ICICI Bank, SBI for up to 27% upside.
Top 9 picks include leading banking stocks; full list available online.",ET NOW,2026-08-10T07:15:50,https://t.co/dthgBPOm5u
GSTK532215,846060,"ICICI Bank and Axis Bank issue $300M each in USD bonds, leveraging favorable global conditions.
ICICI's 5-year bonds at 5.35% coupon; Axis reissues June 2031 bonds, raising total to $600M.","ICICI Bank and Axis Bank issue $300M each in USD bonds, leveraging favorable global conditions.
ICICI's 5-year bonds at 5.35% coupon; Axis reissues June 2031 bonds, raising total to $600M.",The Hindu Business Line,2026-08-07T10:38:31,https://www.thehindubusinessline.com/money-and-banking/icici-bank-axis-bank-tap-dollar-debt-again-in-less-than-two-months-bankers-say/article71316304.ece
GSTK532215,872469160062306432,"Moody's assigned Baa3 rating with stable outlook to Axis Bank's senior notes.
Rating subject to potential revision or withdrawal by Moody's.","Moody's assigned Baa3 rating with stable outlook to Axis Bank's senior notes.
Rating subject to potential revision or withdrawal by Moody's.",ScoutQuest,2026-08-04T18:50:57,https://sqst.in/shareMessage?msgId=872469160062306384
GSTK532215,872468790971940992,"AXIS Bank issued USD 300M senior notes under its GMTN programme.
Notes priced at 99.544, 5.3% coupon rate, maturing June 30, 2031.","AXIS Bank issued USD 300M senior notes under its GMTN programme.
Notes priced at 99.544, 5.3% coupon rate, maturing June 30, 2031.",ScoutQuest,2026-08-04T18:49:29,https://sqst.in/fr3mN
GSTK532215,833159,"Banking stocks, including SBI, HDFC Bank, ICICI Bank, and Axis Bank, fell ahead of RBI's monetary policy decision amid inflation concerns.
The Nifty Bank index declined 1%, with Federal Bank dropping over 3%, while Canara Bank, BoB, and PNB traded positively.","Banking stocks, including SBI, HDFC Bank, ICICI Bank, and Axis Bank, fell ahead of RBI's monetary policy decision amid inflation concerns.
The Nifty Bank index declined 1%, with Federal Bank dropping over 3%, while Canara Bank, BoB, and PNB traded positively.",Livemint,2026-08-04T10:28:59,https://www.livemint.com/market/stock-market-news/sbi-hdfc-bank-to-icici-bank-axis-bank-bank-stocks-fall-ahead-of-rbi-monetary-policy-decision-tomorrow-11785816258149.html
GSTK500112,2608148845742,"Bombay HC urges Vijay Mallya and banks to resolve their commercial dispute.
Court seeks Enforcement Directorate's update on case and asset attachments.","Bombay HC urges Vijay Mallya and banks to resolve their commercial dispute.
Court seeks Enforcement Directorate's update on case and asset attachments.",The Hindu,2026-08-14T10:23:10,https://www.thehindu.com/news/cities/mumbai/bombay-high-court-tells-banks-vijay-mallya-to-end-dispute/article71339318.ece
GSTK500112,2608138023916,"Delhi Consumer Commission orders SBI to pay Rs 1.30 lakh for ATM fraud.
SBI failed to provide CCTV footage after Rs 80,000 fraud in 2018.","Delhi Consumer Commission orders SBI to pay Rs 1.30 lakh for ATM fraud.
SBI failed to provide CCTV footage after Rs 80,000 fraud in 2018.",The Times of India,2026-08-13T11:11:17,https://timesofindia.indiatimes.com/legal/news/sbi-fails-to-produce-cctv-footage-after-rs-80000-atm-fraud-consumer-commission-upholds-rs-1-30-lakh-payout/articleshow/133198024.cms
GSTK500112,2608137988150,"SBI raises $500M via Regulation S bonds at 5.25% coupon, issued through its London branch.
The 5-year bond was priced at a spread of 88 bps over the US Treasury benchmark.","SBI raises $500M via Regulation S bonds at 5.25% coupon, issued through its London branch.
The 5-year bond was priced at a spread of 88 bps over the US Treasury benchmark.",The Hindu BusinessLine,2026-08-13T09:03:26,https://www.thehindubusinessline.com/money-and-banking/sbi-raises-500-million-overseas-as-strong-investor-demand-sharply-cuts-spread/article71339456.ece
GSTK500112,856721,"SBI plans to raise $500M via 5-year dollar bonds, tapping global markets.
Proceeds to support lending and balance sheet; signals investor trust in India's banking sector.","SBI plans to raise $500M via 5-year dollar bonds, tapping global markets.
Proceeds to support lending and balance sheet; signals investor trust in India's banking sector.",The Hindu Business Line,2026-08-11T08:43:23,https://www.thehindubusinessline.com/markets/state-bank-of-india-taps-dollar-bond-market-with-five-year-issue/article71330917.ece
GSTK500112,2608105973401,"SBI gold loans grow exponentially, reaching Rs 3.1 lakh crore, denting Xpress Credit's growth.
Gold loans see 97.5% growth, driven by interest rate arbitrage, while Xpress Credit grows at 8.3%.","SBI gold loans grow exponentially, reaching Rs 3.1 lakh crore, denting Xpress Credit's growth.
Gold loans see 97.5% growth, driven by interest rate arbitrage, while Xpress Credit grows at 8.3%.",Financial Express,2026-08-10T23:19:00,https://www.financialexpress.com/business/banking-finance/gold-loans-steal-a-march-on-sbi-xpress-credit/4314872/
GSTK500112,854726,"Markets flatlined Monday; Nifty gained 0.05%, Sensex rose 0.06%, amid crude price pressures.
PSU Banks fell sharply; SBI biggest Nifty loser. Titan, Tata Consumer led gains; gold held firm.","Markets flatlined Monday; Nifty gained 0.05%, Sensex rose 0.06%, amid crude price pressures.
PSU Banks fell sharply; SBI biggest Nifty loser. Titan, Tata Consumer led gains; gold held firm.",The Hindu Business Line,2026-08-10T17:19:21,https://www.thehindubusinessline.com/markets/benchmarks-flatline-for-third-day-as-crude-keeps-bulls-at-bay/article71328131.ece
GSTK500112,874612594648214144,"SBI issued $100M floating rate senior bonds maturing July 2029.
Coupon is SOFR +100 bps; bonds to list on India INX, GIFT City.","SBI issued $100M floating rate senior bonds maturing July 2029.
Coupon is SOFR +100 bps; bonds to list on India INX, GIFT City.",ScoutQuest,2026-08-10T16:48:12,https://sqst.in/DNprl
GSTK500112,854434,"SBI issues $100M floating rate notes via London branch.
This move enhances SBI's offshore funding capabilities.","SBI issues $100M floating rate notes via London branch.
This move enhances SBI's offshore funding capabilities.",Livesquawk,2026-08-10T16:43:13,
GSTK500112,853624,"SBI leads ECLGS 5.0 loans, sanctioning Rs 32,750 crore; Rs 25,440 crore disbursed.
PSBs and private banks actively disburse ECLGS loans; MSMEs benefit from 98% guarantees.","SBI leads ECLGS 5.0 loans, sanctioning Rs 32,750 crore; Rs 25,440 crore disbursed.
PSBs and private banks actively disburse ECLGS loans; MSMEs benefit from 98% guarantees.",NDTV Profit,2026-08-10T12:50:55,https://www.ndtvprofit.com/business/sbi-leads-banks-eclgs-5-0-loans-with-rs-32-750-crore-sanctioned-11888822#publisher=newsstand
GSTK500112,874519567468520832,"SBI shares see profit booking after Q1 results.
Analysts provide buy or sell recommendations for SBI.","SBI shares see profit booking after Q1 results.
Analysts provide buy or sell recommendations for SBI.",ScoutQuest,2026-08-10T10:38:32,https://sqst.in/shareMessage?msgId=874519567468520812
GSTK500247,865848,"Kotak Mahindra Bank to meet institutional investors/analysts abroad (Aug 17-26, 2026).
Meetings won't involve unpublished price-sensitive info; schedule may change.","Kotak Mahindra Bank to meet institutional investors/analysts abroad (Aug 17-26, 2026).
Meetings won't involve unpublished price-sensitive info; schedule may change.",BSE,2026-08-12T20:22:21,https://www.bseindia.com/stockinfo/AnnPdfOpen.aspx?Pname=611f8783-9260-4e33-9a76-8931344c59e0.pdf
GSTK500247,837247,"Axis Securities' August picks include ICICI Bank, Bharti Airtel, and Kotak Mahindra Bank with upsides up to 28%.
Mid/small caps like Dalmia Bharat, Avenue Supermarts, and APL Apollo Tubes offer growth potential with upsides of 24–26%.","Axis Securities' August picks include ICICI Bank, Bharti Airtel, and Kotak Mahindra Bank with upsides up to 28%.
Mid/small caps like Dalmia Bharat, Avenue Supermarts, and APL Apollo Tubes offer growth potential with upsides of 24–26%.",NDTV Profit,2026-08-05T09:37:51,https://www.ndtvprofit.com/markets/15-stocks-for-august-icici-bank-bharti-airtel-kotak-bank-among-axis-securities-top-picks-upside-up-to-28-full-list-inside-11867364#publisher=newsstand
GSTK500247,829456,"Kotak Mahindra Bank NSE block trade valued Rs. 19.8 Cr for 503,425 shares.
Shares traded at Rs. 393.4 during the block transaction.","Kotak Mahindra Bank NSE block trade valued Rs. 19.8 Cr for 503,425 shares.
Shares traded at Rs. 393.4 during the block transaction.",Livesquawk,2026-08-03T10:12:15,
GSTK500247,827535,"Kotak Mahindra Bank celebrates 40 years, achieving Rs.10 lakh crore consolidated balance sheet growth in FY 2025-26.
FY 2025-26 highlights include Rs.19,288 crore PAT, 43.3% CASA, and key acquisition of Deutsche Bank's retail businesses in India.","Kotak Mahindra Bank celebrates 40 years, achieving Rs.10 lakh crore consolidated balance sheet growth in FY 2025-26.
FY 2025-26 highlights include Rs.19,288 crore PAT, 43.3% CASA, and key acquisition of Deutsche Bank's retail businesses in India.",BSE,2026-08-01T14:42:23,https://www.bseindia.com/stockinfo/AnnPdfOpen.aspx?Pname=f2066290-f4b1-41b0-acc3-378a1cf6d585.pdf
GSTK500247,26073156467163,"Kotak Investment Banking appoints V Jayasankar, Sourav Mallik as Co-CEOs, effective Aug 1, in leadership reshuffle.
Kotak Mahindra Bank Q1 net profit rose 25.6% YoY to ₹4,123 crore; shares fell 0.67% to ₹387.60 on NSE.","Kotak Investment Banking appoints V Jayasankar, Sourav Mallik as Co-CEOs, effective Aug 1, in leadership reshuffle.
Kotak Mahindra Bank Q1 net profit rose 25.6% YoY to ₹4,123 crore; shares fell 0.67% to ₹387.60 on NSE.",CNBC TV18,2026-07-30T23:35:12,https://www.cnbctv18.com/business/companies/kotak-investment-banking-names-jayasankar-sourav-mallik-as-co-ceos-in-leadership-rejig-19958046.htm
GSTK500247,813219,"Kotak Mahindra Bank seeks $600M offshore loan from HSBC, CTBC.
Loan expected to qualify under RBI's Special Swap Facility.","Kotak Mahindra Bank seeks $600M offshore loan from HSBC, CTBC.
Loan expected to qualify under RBI's Special Swap Facility.",Livesquawk,2026-07-28T09:02:06,
GSTK500247,801896,Three private banks surpassed Kotak Mahindra's growth in Q1 but trade at lower valuations.,Three private banks surpassed Kotak Mahindra's growth in Q1 but trade at lower valuations.,Financial Express,2026-07-23T06:16:49,https://t.co/pUGdiCzOfh
GSTK500247,26072350741516,"Mid-cap banks like Yes Bank, RBL Bank, and Karur Vysya Bank posted strong loan growth in Q1 FY27, outpacing Kotak Mahindra Bank's 15% growth.
Despite faster growth, mid-cap banks trade at lower valuations than Kotak Mahindra Bank, with foreign investors holding stakes in Yes and RBL.","Mid-cap banks like Yes Bank, RBL Bank, and Karur Vysya Bank posted strong loan growth in Q1 FY27, outpacing Kotak Mahindra Bank's 15% growth.
Despite faster growth, mid-cap banks trade at lower valuations than Kotak Mahindra Bank, with foreign investors holding stakes in Yes and RBL.",Financial Express,2026-07-23T05:30:00,https://www.financialexpress.com/market/stock-insights/these-3-private-banks-outgrew-kotak-mahindra-in-q1but-still-trade-much-cheaper/4299575/
GSTK500247,26072250378243,"New LCR norms effective April 2026 improved liquidity, aiding credit growth as deposit growth lags.
Banks like Kotak Mahindra, HDFC, and YES Bank saw LCR rises, while ICICI Bank's declined by 200 bps.","New LCR norms effective April 2026 improved liquidity, aiding credit growth as deposit growth lags.
Banks like Kotak Mahindra, HDFC, and YES Bank saw LCR rises, while ICICI Bank's declined by 200 bps.",Financial Express,2026-07-22T20:26:00,https://www.financialexpress.com/business/banking-finance/new-norms-lift-banks-liquidity-coverage-ratio-in-q1/4299648/
GSTK500247,800041,"Private banks like HDFC, Axis, and Kotak saw sharp declines due to weak Q1FY27 margins.
Experts suggest selective buying as sector faces margin pressure, despite strong fundamentals.","Private banks like HDFC, Axis, and Kotak saw sharp declines due to weak Q1FY27 margins.
Experts suggest selective buying as sector faces margin pressure, despite strong fundamentals.",Livemint,2026-07-22T14:08:09,https://www.livemint.com/market/stock-market-news/private-bank-stocks-see-a-strong-selloff-this-week-after-reporting-weak-q1-margins-time-to-add-or-stay-clear-11784706638261.html
GSTK543526,868648,"LIC representatives attended an Investors' Meet on August 13, 2026, with group and one-on-one meetings.
No unpublished price-sensitive information was shared; corporate presentation is on LIC's website.","LIC representatives attended an Investors' Meet on August 13, 2026, with group and one-on-one meetings.
No unpublished price-sensitive information was shared; corporate presentation is on LIC's website.",BSE,2026-08-13T16:00:22,https://www.bseindia.com/stockinfo/AnnPdfOpen.aspx?Pname=1d5ee293-18e3-4271-a095-1b0e677d42a0.pdf
GSTK543526,875409055542545280,"LIC to join Motilal Oswal's 22nd Annual Investor Conference on Aug 17, 2026.
LIC will hold group and one-on-one investor meetings; presentation for Aug 2026 is online.","LIC to join Motilal Oswal's 22nd Annual Investor Conference on Aug 17, 2026.
LIC will hold group and one-on-one investor meetings; presentation for Aug 2026 is online.",ScoutQuest,2026-08-12T21:33:03,https://sqst.in/F5ZaY
GSTK543526,875330326904570368,"LIC climbs 3%, continuing Monday's rally after positive momentum.
PI Industries drops 9% due to weak Q1 results and cautious outlook.","LIC climbs 3%, continuing Monday's rally after positive momentum.
PI Industries drops 9% due to weak Q1 results and cautious outlook.",ScoutQuest,2026-08-12T16:20:12,https://sqst.in/shareMessage?msgId=875330326904570367
GSTK543526,858482,"LIC shares rise ~3% after successful ₹31,552 cr OFS.
Strong Q1 results cited as a key trigger for LIC's rally.","LIC shares rise ~3% after successful ₹31,552 cr OFS.
Strong Q1 results cited as a key trigger for LIC's rally.",CNBC-AWAAZ,2026-08-11T15:34:28,https://x.com/CNBC_Awaaz/status/2087117940151967772
GSTK543526,874921949725649280,LIC confirms no immediate Offer for Sale post govt meeting public shareholding norms.,LIC confirms no immediate Offer for Sale post govt meeting public shareholding norms.,ScoutQuest,2026-08-11T13:17:28,https://sqst.in/YbGlK
GSTK543526,874911797161158400,"LIC's stock sees an upward movement today, details remain unspecified.","LIC's stock sees an upward movement today, details remain unspecified.",ScoutQuest,2026-08-11T12:37:07,https://sqst.in/shareMessage?msgId=874911797161158390
GSTK543526,2608105473907,"LIC faces pressure from global turmoil, impacting savings and insurance demand.
Persistency rates dipped; Q1 profit and value of new business saw sharp growth.","LIC faces pressure from global turmoil, impacting savings and insurance demand.
Persistency rates dipped; Q1 profit and value of new business saw sharp growth.",The Times of India,2026-08-10T08:16:53,https://timesofindia.indiatimes.com/business/india-business/lic-chief-flags-pressure-of-global-turmoil-on-industry/articleshow/133077298.cms
GSTK543526,851645,"SBI led gains in top-10 firms, adding ₹63,922.03cr to valuation.
Reliance, TCS, and L&T also posted valuation increases; LIC saw steepest decline.","SBI led gains in top-10 firms, adding ₹63,922.03cr to valuation.
Reliance, TCS, and L&T also posted valuation increases; LIC saw steepest decline.",Business Standard,2026-08-09T10:19:44,https://www.business-standard.com/markets/news/mcap-of-4-of-top-10-most-valued-firms-jumps-1-43-trn-sbi-biggest-winner-126080900106_1.html
GSTK543526,850557,"LIC stock sees buying recommendation post results; target revised upwards.
Experts estimate improved returns for LIC; details available on provided link.","LIC stock sees buying recommendation post results; target revised upwards.
Experts estimate improved returns for LIC; details available on provided link.",CNBC-AWAAZ,2026-08-08T14:08:38,https://t.co/xsmTb24c97
GSTK543526,2608084604346,"LIC plans to expand into health insurance, fintech: MD Doraiswamy.
Centre raised Rs 31,552 cr via LIC OFS, showing investor trust.","LIC plans to expand into health insurance, fintech: MD Doraiswamy.
Centre raised Rs 31,552 cr via LIC OFS, showing investor trust.",The Economic Times,2026-08-08T02:14:55,https://economictimes.indiatimes.com/industry/banking/finance/insure/lic-gets-a-market-vote-of-confidence-but-its-next-big-test-starts-now/articleshow/133041897.cms
GSTK532921,865614,"Adani Ports redeemed 5,000 CPs worth Rs. 250 cr on maturity date 12/08/2026.
No outstanding amount remains post redemption; full payment certified under SEBI guidelines.","Adani Ports redeemed 5,000 CPs worth Rs. 250 cr on maturity date 12/08/2026.
No outstanding amount remains post redemption; full payment certified under SEBI guidelines.",BSE,2026-08-12T19:45:49,https://www.bseindia.com/stockinfo/AnnPdfOpen.aspx?Pname=260ae4e5-8892-4d3e-8a9b-a553e7d6702f.pdf
GSTK532921,875040703050605568,"Adani Ports formed OSOL, a wholly-owned subsidiary of Ocean Sparkle Ltd.
OSOL focuses on ship management, supporting global marine fleet expansion.","Adani Ports formed OSOL, a wholly-owned subsidiary of Ocean Sparkle Ltd.
OSOL focuses on ship management, supporting global marine fleet expansion.",ScoutQuest,2026-08-11T21:09:21,https://sqst.in/I3p91
GSTK532921,846114,"Adani Ports executed NSE block trade of Rs.163.4 cr for 967,523 shares.
Trade occurred at Rs.1689.1 per share, highlighting investor activity.","Adani Ports executed NSE block trade of Rs.163.4 cr for 967,523 shares.
Trade occurred at Rs.1689.1 per share, highlighting investor activity.",Livesquawk,2026-08-07T11:01:44,
GSTK532921,871953256480195328,"Adani Ports' July 2026 cargo volume was 46.3 MMT, up 15% YoY.
YTD July 2026 cargo reached 184.4 MMT, with logistics rail volume up 16% YoY.","Adani Ports' July 2026 cargo volume was 46.3 MMT, up 15% YoY.
YTD July 2026 cargo reached 184.4 MMT, with logistics rail volume up 16% YoY.",ScoutQuest,2026-08-03T08:40:56,https://sqst.in/vteX9
GSTK532921,829119,"Motilal Oswal recommends Adani Ports, Bajaj Finance, KFin Tech, Radico Khaitan, Syrma SGS, and Emcure Pharma as top picks for August with potential upsides of 14.3%-28%.
Adani Ports, KFin, Syrma SGS, and others show strong growth potential with robust financials and strategic expansions; risks include geopolitical disruptions and sector challenges.","Motilal Oswal recommends Adani Ports, Bajaj Finance, KFin Tech, Radico Khaitan, Syrma SGS, and Emcure Pharma as top picks for August with potential upsides of 14.3%-28%.
Adani Ports, KFin, Syrma SGS, and others show strong growth potential with robust financials and strategic expansions; risks include geopolitical disruptions and sector challenges.",Business Standard,2026-08-03T07:46:21,https://www.business-standard.com/markets/news/adani-ports-radico-kfin-among-6-top-stock-ideas-for-aug-by-motilal-oswal-126080300065_1.html
GSTK532921,824697,Adani Ports witnesses 18.4 lakh shares traded in a block deal.,Adani Ports witnesses 18.4 lakh shares traded in a block deal.,ET NOW,2026-07-31T14:16:01,https://x.com/ETNOWlive/status/2083111933386113391
GSTK532921,820214,"Adani Ports shares fell 3% post-Q1 results as per ET Markets.
Nomura and brokerages project up to 24% upside for the stock.","Adani Ports shares fell 3% post-Q1 results as per ET Markets.
Nomura and brokerages project up to 24% upside for the stock.",The Economic Times,2026-07-30T09:35:53,https://economictimes.indiatimes.com/markets/stocks/news/adani-ports-shares-shed-3-after-q1-results-heres-why-nomura-and-other-brokerages-see-up-to-24-upside/articleshow/132726589.cms
GSTK532921,820124,"Sensex drops over 150 points; Nifty tests 24,200 level.
Eternal and Adani Ports stocks fall by 2% each.","Sensex drops over 150 points; Nifty tests 24,200 level.
Eternal and Adani Ports stocks fall by 2% each.",The Economic Times,2026-07-30T09:18:48,https://x.com/ETMarkets/status/2082674747100590228
GSTK532921,820033,"Nomura maintains Buy on Adani Ports with ₹2,080 target as Q1 outperformed.
Strong ports business offset logistics weakness; robust balance sheet aids expansion.","Nomura maintains Buy on Adani Ports with ₹2,080 target as Q1 outperformed.
Strong ports business offset logistics weakness; robust balance sheet aids expansion.",Livesquawk,2026-07-30T08:59:29,
GSTK532921,819917,"Brokerages shared mixed ratings on Asian Paints, Dabur, Adani Ports, Eicher Motors, and Colgate.
Adani Ports, Eicher Motors received strong optimism, while Dabur, Colgate faced tempered expectations.","Brokerages shared mixed ratings on Asian Paints, Dabur, Adani Ports, Eicher Motors, and Colgate.
Adani Ports, Eicher Motors received strong optimism, while Dabur, Colgate faced tempered expectations.",NDTV Profit,2026-07-30T07:07:46,https://www.ndtvprofit.com/markets/stock-picks-today-asian-paints-dabur-adani-ports-eicher-motors-bajaj-finance-colgate-syngene-and-more-on-brokerages-radar-11840835#publisher=newsstand
GSTK532540,876220,"TCS informs exchanges under SEBI Regulation 30 regarding shareholder communication.
Details shared include SEBI circular reference and availability on TCS website.","TCS informs exchanges under SEBI Regulation 30 regarding shareholder communication.
Details shared include SEBI circular reference and availability on TCS website.",BSE,2026-08-14T20:02:57,https://www.bseindia.com/stockinfo/AnnPdfOpen.aspx?Pname=22c864e7-7318-4aee-b427-08eebff1b21e.pdf
GSTK532540,867051,"Tata Group stocks lost Rs 44,000 crore in market-cap over two days post-N Chandrasekaran's decision not to seek reappointment.
TCS led losses with Rs 35,421 crore; Tata Motors CV gained Rs 10,533 crore post strong Q1-FY27 results and demand outlook.","Tata Group stocks lost Rs 44,000 crore in market-cap over two days post-N Chandrasekaran's decision not to seek reappointment.
TCS led losses with Rs 35,421 crore; Tata Motors CV gained Rs 10,533 crore post strong Q1-FY27 results and demand outlook.",Business Standard,2026-08-13T10:21:32,https://www.business-standard.com/markets/news/rs-44-000-crore-wiped-out-in-tata-group-stocks-tcs-accounts-for-81-of-fall-126081300543_1.html
GSTK532540,866822,"Jefferies slashes TCS target price to Rs 1,800, citing AI-led risks, muted growth, and rising investments.
TCS trades at a 30% premium to Accenture, with underperformance vs Nifty by 55% over 3 years.","Jefferies slashes TCS target price to Rs 1,800, citing AI-led risks, muted growth, and rising investments.
TCS trades at a 30% premium to Accenture, with underperformance vs Nifty by 55% over 3 years.",NDTV Profit,2026-08-13T09:03:17,https://www.ndtvprofit.com/markets/tcs-target-price-slashed-again-jefferies-third-cut-in-2026-11902959#publisher=newsstand
GSTK532540,864450,"N Chandrasekaran will step down as Tata Sons chairman in Feb 2027, sparking a key succession battle.
Tata Trusts' internal disagreements could complicate the selection process; TCS shares fell 5.9% post-news.","N Chandrasekaran will step down as Tata Sons chairman in Feb 2027, sparking a key succession battle.
Tata Trusts' internal disagreements could complicate the selection process; TCS shares fell 5.9% post-news.",Livemint,2026-08-12T17:25:33,https://www.livemint.com/companies/news/chandrasekaran-exits-tata-sons-how-will-the-next-chairman-be-chosen-why-could-the-succession-battle-be-tricky-11786531984955.html
GSTK532540,863947,"TCS shares drop 4%, erasing Rs 35,000 crore in market value post N Chandrasekaran's resignation.
Investors are advised to evaluate the situation following this leadership change at TCS.","TCS shares drop 4%, erasing Rs 35,000 crore in market value post N Chandrasekaran's resignation.
Investors are advised to evaluate the situation following this leadership change at TCS.",The Economic Times,2026-08-12T17:00:00,https://economictimes.indiatimes.com/markets/stocks/news/tcs-shares-tumble-4-wipe-out-rs-35000-crore-after-n-chandrasekaran-resigns-what-should-investors-do/articleshow/133180381.cms
GSTK532540,875332704806503680,"TCS drops 5% following Tata Sons exit news.
Investors assess buy-the-dip potential after sharp decline.","TCS drops 5% following Tata Sons exit news.
Investors assess buy-the-dip potential after sharp decline.",ScoutQuest,2026-08-12T16:29:39,https://sqst.in/5yOPV
GSTK532540,875326095116076928,"TCS's N Chandra will not seek reappointment after his term ends.
Tata stocks like TCS, Tata Steel, and Tata Motors fall; hospital stocks like Max Health and Fortis drop 3-5% on charge capping reports.","TCS's N Chandra will not seek reappointment after his term ends.
Tata stocks like TCS, Tata Steel, and Tata Motors fall; hospital stocks like Max Health and Fortis drop 3-5% on charge capping reports.",ScoutQuest,2026-08-12T16:03:23,https://sqst.in/shareMessage?msgId=875326095116076988
GSTK532540,862999,"Sensex fell 605.3 points to 77,548.96, Nifty 50 dropped 186.6 to 24,284.5, led by IT stock selloff.
TCS, HDFC Bank, Infosys, Reliance fell; Nifty IT dropped 2%; PSU Bank, Metal indices gained slightly.","Sensex fell 605.3 points to 77,548.96, Nifty 50 dropped 186.6 to 24,284.5, led by IT stock selloff.
TCS, HDFC Bank, Infosys, Reliance fell; Nifty IT dropped 2%; PSU Bank, Metal indices gained slightly.",NDTV Profit,2026-08-12T13:27:12,https://www.ndtvprofit.com/markets/stock-market-crash-sensex-tanks-over-600-points-nifty-50-slips-below-24-300-five-key-reasons-explained-11898802#publisher=newsstand
GSTK532540,861865,"Tata Sons Chairman N Chandrasekaran announced resignation, pressuring Tata Group stocks.
TCS among key stocks impacted, experiencing declines post resignation announcement.","Tata Sons Chairman N Chandrasekaran announced resignation, pressuring Tata Group stocks.
TCS among key stocks impacted, experiencing declines post resignation announcement.",CNBC-AWAAZ,2026-08-12T11:29:44,https://t.co/HPPN18qlh2
GSTK532540,861867,"N Chandrasekaran opts not to seek reappointment as Tata Sons Chairman in AGM.
The announcement impacts Tata Group companies, including Tata Consultancy Services (TCS).","N Chandrasekaran opts not to seek reappointment as Tata Sons Chairman in AGM.
The announcement impacts Tata Group companies, including Tata Consultancy Services (TCS).",CNBC-AWAAZ,2026-08-12T11:25:10,https://x.com/CNBC_Awaaz/status/2087417591765835967
GSTK533096,856805,"Adani Group stocks, including Adani Enterprises, Power, Green, and Energy Solutions, may see focus as US judge dismisses charges.","Adani Group stocks, including Adani Enterprises, Power, Green, and Energy Solutions, may see focus as US judge dismisses charges.",The Economic Times,2026-08-11T09:05:00,https://economictimes.indiatimes.com/markets/stocks/news/adani-group-stocks-in-focus-after-us-judge-drops-criminal-case-against-gautam-adani/articleshow/133141156.cms
GSTK533096,838032,"Adani Power's amalgamation scheme for 9 subsidiaries approved by NCLT Ahmedabad.
Approval for Vidarbha Industries Power Ltd remains pending at NCLT Mumbai.","Adani Power's amalgamation scheme for 9 subsidiaries approved by NCLT Ahmedabad.
Approval for Vidarbha Industries Power Ltd remains pending at NCLT Mumbai.",BSE,2026-08-05T13:02:18,https://www.bseindia.com/stockinfo/AnnPdfOpen.aspx?Pname=e011f15a-05c6-4102-9faa-a39312f3e835.pdf
GSTK533096,837250,"Morgan Stanley sees India's growth rebounding, sets June 2027 Sensex target at 89,000, with a bull case of 1,00,000.
Focus stocks include Lenskart, Varun Beverages, Adani Power, Trent, Maruti Suzuki, Bajaj Finance, ICICI Bank, and UltraTech Cement.","Morgan Stanley sees India's growth rebounding, sets June 2027 Sensex target at 89,000, with a bull case of 1,00,000.
Focus stocks include Lenskart, Varun Beverages, Adani Power, Trent, Maruti Suzuki, Bajaj Finance, ICICI Bank, and UltraTech Cement.",NDTV Profit,2026-08-05T09:33:32,https://www.ndtvprofit.com/markets/morgan-stanley-stock-picks-target-price-for-next-growth-ride-lenskart-varun-beverages-to-adani-power-11867365#publisher=newsstand
GSTK533096,2738714456689118720,Adani Infra India Limited buys 124.8M shares of Adani Power at ₹210.5 avg.,Adani Infra India Limited buys 124.8M shares of Adani Power at ₹210.5 avg.,NSE Block Trades,2026-08-04T21:00:14,https://www.nseindia.com/report-detail/display-bulk-and-block-deals
GSTK533096,833740,"NCLT Ahmedabad approves merger of nine Adani Power subsidiaries.
This development consolidates operations under Adani Power, as per agencies.","NCLT Ahmedabad approves merger of nine Adani Power subsidiaries.
This development consolidates operations under Adani Power, as per agencies.",ET NOW,2026-08-04T12:52:22,https://x.com/ETNOWlive/status/2084540430281302463
GSTK533096,833650,"NCLT Ahmedabad approves Adani Power's merger with 9 subsidiaries.
The merger consolidates operations under Adani Power.","NCLT Ahmedabad approves Adani Power's merger with 9 subsidiaries.
The merger consolidates operations under Adani Power.",Livesquawk,2026-08-04T12:46:30,
GSTK533096,833523,"Morgan Stanley projects $5.5-trn energy capex in Asia; BHEL, Adani Power, NTPC, Tata Power, JSW Energy likely to benefit.
India's power demand expected to rise 6.75% (2025-30); RE share to grow from 25% FY27 to 35% FY31.","Morgan Stanley projects $5.5-trn energy capex in Asia; BHEL, Adani Power, NTPC, Tata Power, JSW Energy likely to benefit.
India's power demand expected to rise 6.75% (2025-30); RE share to grow from 25% FY27 to 35% FY31.",Business Standard,2026-08-04T12:00:22,https://www.business-standard.com/markets/news/bhel-adani-among-key-gainers-of-5-5-trn-asia-energy-capex-morgan-stanley-126080400490_1.html
GSTK533096,819498,"Adani Power reported record Q1 FY27 results with revenue of INR17,936 crore, up 27% YoY, and profit after tax rising 47% to INR4,867 crore.
The company achieved its highest quarterly power generation of 31 billion units and advanced capacity expansion plans, including nuclear and thermal projects.","Adani Power reported record Q1 FY27 results with revenue of INR17,936 crore, up 27% YoY, and profit after tax rising 47% to INR4,867 crore.
The company achieved its highest quarterly power generation of 31 billion units and advanced capacity expansion plans, including nuclear and thermal projects.",BSE,2026-07-29T21:41:43,https://www.bseindia.com/stockinfo/AnnPdfOpen.aspx?Pname=043015c9-c21f-4abf-a752-b0336ea387e5.pdf
GSTK533096,26072552637222,"Adani Power targets 45 GW capacity by 2032, Rs 2 lakh crore capex funded via internal cash flows.
95% capacity tied to long-term PPAs; QIP approved for future funding, Bangladesh dues improving.","Adani Power targets 45 GW capacity by 2032, Rs 2 lakh crore capex funded via internal cash flows.
95% capacity tied to long-term PPAs; QIP approved for future funding, Bangladesh dues improving.",Business Today,2026-07-25T12:00:00,https://www.businesstoday.in/markets/stocks/story/adani-power-45-gw-target-rs-2-lakh-cr-capex-plan-among-conference-call-highlights-545001-2026-07-25
GSTK533096,804658,"Adani Power plans its first nuclear project in Madhya Pradesh.
The initiative aims at significant expansion in the energy sector.","Adani Power plans its first nuclear project in Madhya Pradesh.
The initiative aims at significant expansion in the energy sector.",The Hindu Business Line,2026-07-23T21:55:06,https://www.thehindubusinessline.com/companies/adani-power-eyes-madhya-pradesh-for-its-first-nuclear-project/article71257306.ece?utm_campaign=mrf-twitter-businessline&utm_source=twitter&utm_medium=social&mrfcid=202607236a624061fc5bd475569999ea
